product_id,position,url,alt_text
frozenhashish:9256,1,https://frozenhashish.com/wp-content/uploads/2026/08/CALI-PLATES-DRY-SIFT-HASH-70-130U.jpg,cali plates dry sift hash 70 130u
frozenhashish:9256,2,https://frozenhashish.com/wp-content/uploads/2026/08/CALI-PLATES-DRY-SIFT-HASH-70-130U-2.jpg,cali plates dry sift hash 70 130u 2
frozenhashish:7625,1,https://frozenhashish.com/wp-content/uploads/2026/07/Cali-Plates-Double-D-Hash.png,cali plates double d hash.png
frozenhashish:7620,1,https://frozenhashish.com/wp-content/uploads/2026/07/Cali-Plates-El-Fuego-Dry-Sift-Hash.webp,cali plates el fuego dry sift hash.webp
frozenhashish:7610,1,https://frozenhashish.com/wp-content/uploads/2026/07/Cali-Plates-Forbidden-Fruit-Hash.webp,cali plates forbidden fruit hash.webp
frozenhashish:7598,1,https://frozenhashish.com/wp-content/uploads/2026/07/Cali-Plates-Fruitcake-Hash.png,cali plates fruitcake hash.png
frozenhashish:7593,1,https://frozenhashish.com/wp-content/uploads/2026/07/Cali-Plates-GMO-Dry-Sift-Hash.webp,cali plates gmo dry sift hash.webp
frozenhashish:7588,1,https://frozenhashish.com/wp-content/uploads/2026/07/Cali-Plates-Gorilla-Dry-Sift-Hash.webp,cali plates gorilla dry sift hash.webp
frozenhashish:7583,1,https://frozenhashish.com/wp-content/uploads/2026/07/Cali-Plates-Gush-Mints-Hash.webp,cali plates gush mints hash.webp
frozenhashish:7578,1,https://frozenhashish.com/wp-content/uploads/2026/07/Cali-Plates-Horchata-Hash.webp,cali plates horchata hash.webp
frozenhashish:7573,1,https://frozenhashish.com/wp-content/uploads/2026/07/Cali-Plates-Cherry-Pie-Strain-Hash.jpg,cali plates cherry pie strain hash.jpg
frozenhashish:7572,1,https://frozenhashish.com/wp-content/uploads/2026/07/Cali-Plates-Cereal-Milk-Dry-Sift-Hash.webp,cali plates cereal milk dry sift hash.webp
frozenhashish:7562,1,https://frozenhashish.com/wp-content/uploads/2026/07/Cali-Plates-Apple-Fritter-Hash.jpg,cali plates apple fritter hash.jpg
frozenhashish:8876,1,https://frozenhashish.com/wp-content/uploads/2026/07/Chem-Pie-Hash-For-Sale.webp,chem pie hash for sale
frozenhashish:8858,1,https://frozenhashish.com/wp-content/uploads/2026/07/Malana-Cream-Hash-1.webp,malana cream hash
frozenhashish:8848,1,https://frozenhashish.com/wp-content/uploads/2026/07/Nectar-Boyz-Hash.webp,nectar boyz hash
frozenhashish:8848,2,https://frozenhashish.com/wp-content/uploads/2026/07/Nectar-Boyz-Hash2.webp,nectar boyz hash
frozenhashish:8825,1,https://frozenhashish.com/wp-content/uploads/2026/07/Tartar-Hash-for-Sale.webp,tartar hash for sale
frozenhashish:8825,2,https://frozenhashish.com/wp-content/uploads/2026/07/Tartar-Hash-for-Sale-2.webp,tartar hash for sale
frozenhashish:8801,1,https://frozenhashish.com/wp-content/uploads/2026/07/Tortuga-Farmz-Hash-.webp,tortuga farmz hash
frozenhashish:8801,2,https://frozenhashish.com/wp-content/uploads/2026/07/Tortuga-Farmz-Hash-2.webp,tortuga farmz hash
frozenhashish:8783,1,https://frozenhashish.com/wp-content/uploads/2026/07/LONDON-POUND-CAKE-HASH.webp,london pound cake hash
frozenhashish:8783,2,https://frozenhashish.com/wp-content/uploads/2026/07/LONDON-POUND-CAKE-HASH-2.webp,london pound cake hash
frozenhashish:9285,1,https://frozenhashish.com/wp-content/uploads/2026/08/The-Bufalo-Plein-Filtered-120u-Hash.jpg,the bufalo plein filtered 120u hash
frozenhashish:9285,2,https://frozenhashish.com/wp-content/uploads/2026/08/The-Bufalo-Plein-Filtered-120u-Hash-1.jpg,the bufalo plein filtered 120u hash
frozenhashish:9285,3,https://frozenhashish.com/wp-content/uploads/2026/08/The-Bufalo-Plein-Filtered-120u-Hash-3.jpg,the bufalo plein filtered 120u hash 3
frozenhashish:9285,4,https://frozenhashish.com/wp-content/uploads/2026/08/The-Bufalo-Plein-Filtered-120u-Hash-4.jpg,the bufalo plein filtered 120u hash
frozenhashish:9154,1,https://frozenhashish.com/wp-content/uploads/2026/08/LVMHASH-Farm-Hash-Filtre-X3-105u.jpg,lvmhash farm hash filtre x3 105u
frozenhashish:9118,1,https://frozenhashish.com/wp-content/uploads/2026/08/Playing-With-Jiblis-Filtrer-73u-Hash.jpg,playing with jiblis filtrer 73u hash
frozenhashish:9118,2,https://frozenhashish.com/wp-content/uploads/2026/08/Playing-With-Jiblis-Filtrer-73u-Hash22.jpg,playing with jiblis filtrer 73u hash
frozenhashish:9113,1,https://frozenhashish.com/wp-content/uploads/2026/08/No-Farm-Hash-90u-.jpg,no farm hash 90u
frozenhashish:9003,1,https://frozenhashish.com/wp-content/uploads/2026/08/Darks-Farms-Hash-90u.jpg,darks farms hash 90u
frozenhashish:9003,2,https://frozenhashish.com/wp-content/uploads/2026/08/Darks-Farms-Hash-90u-2.jpg,darks farms hash 90u
frozenhashish:8767,1,https://frozenhashish.com/wp-content/uploads/2026/07/Black-Ice-Farm-Hash-.webp,black ice farm hash
frozenhashish:8755,1,https://frozenhashish.com/wp-content/uploads/2026/07/Dry-Tangerina-hash-For-Sale.webp,dry tangerina hash for sale
frozenhashish:8755,2,https://frozenhashish.com/wp-content/uploads/2026/07/Dry-Tangerina-hash-For-Sale2.webp,dry tangerina hash for sale
frozenhashish:8697,1,https://frozenhashish.com/wp-content/uploads/2026/07/Hasbi-Farms-Hash-For-Sale.webp,hasbi farms hash for sale
frozenhashish:8697,2,https://frozenhashish.com/wp-content/uploads/2026/07/Hasbi-Farms-Hash-For-Sale2.webp,hasbi farms hash
frozenhashish:8678,1,https://frozenhashish.com/wp-content/uploads/2026/07/Malana-Cream-Hash.webp,malana cream hash
frozenhashish:8651,1,https://frozenhashish.com/wp-content/uploads/2026/07/Terpy-Guyz-Hash.webp,terpy guyz hash
frozenhashish:8651,2,https://frozenhashish.com/wp-content/uploads/2026/07/Terpy-Guyz-Hash-2.webp,terpy guyz hash
frozenhashish:8556,1,https://frozenhashish.com/wp-content/uploads/2026/07/On-The-Moon-Farm-Hash-.webp,on the moon farm hash
frozenhashish:8556,2,https://frozenhashish.com/wp-content/uploads/2026/07/On-The-Moon-Farm-Hash-2.webp,on the moon farm hash
frozenhashish:8556,3,https://frozenhashish.com/wp-content/uploads/2026/07/On-The-Moon-Farm-Hash-3.webp,on the moon farm hash 3
frozenhashish:8050,1,https://frozenhashish.com/wp-content/uploads/2026/07/Lebanese-Hash-Concentrate.webp,lebanese hash concentrate.webp
frozenhashish:8049,1,https://frozenhashish.com/wp-content/uploads/2026/07/Dry-Ice-Hash-Concentrate.jpeg,dry ice hash concentrate.jpeg
frozenhashish:8044,1,https://frozenhashish.com/wp-content/uploads/2026/07/Afghan-Hash-Concentrate.jpg,afghan hash concentrate.jpg
frozenhashish:8044,2,https://frozenhashish.com/wp-content/uploads/2026/07/Afghan-Hash-Concentrate-2.jpeg,afghan hash concentrate 2.jpeg
frozenhashish:8031,1,https://frozenhashish.com/wp-content/uploads/2026/07/Moroccan-Hash-Concentrate.webp,moroccan hash concentrate.webp
frozenhashish:8022,1,https://frozenhashish.com/wp-content/uploads/2026/07/hashish-fp.png,Ice Water Hash For Sale
frozenhashish:8021,1,https://frozenhashish.com/wp-content/uploads/2026/07/Pollen-Hash-Concentrate-2.jpg,pollen hash concentrate 2.jpg
frozenhashish:7971,1,https://frozenhashish.com/wp-content/uploads/2026/07/Labz-Farm-Hash.jpg,labz farm hash.jpg
frozenhashish:7971,2,https://frozenhashish.com/wp-content/uploads/2026/07/Labz-Farm-Hash1.jpg,labz farm hash1.jpg
frozenhashish:7971,3,https://frozenhashish.com/wp-content/uploads/2026/07/Labz-Farm-Hash2.jpg,labz farm hash2.jpg
frozenhashish:7971,4,https://frozenhashish.com/wp-content/uploads/2026/07/Labz-Farm-Hash4.jpg,labz farm hash4.jpg
frozenhashish:7943,1,https://frozenhashish.com/wp-content/uploads/2026/07/Sift-Fanatics-Hash-Concentrate.jpg,sift fanatics hash concentrate.jpg
frozenhashish:7943,2,https://frozenhashish.com/wp-content/uploads/2026/07/Sift-Fanatics-Hash-Concentrate1.jpg,sift fanatics hash concentrate1.jpg
frozenhashish:7943,3,https://frozenhashish.com/wp-content/uploads/2026/07/Sift-Fanatics-Hash-Concentrate2.jpg,sift fanatics hash concentrate2.jpg
frozenhashish:7943,4,https://frozenhashish.com/wp-content/uploads/2026/07/Sift-Fanatics-Hash-Concentrate3.jpg,sift fanatics hash concentrate3.jpg
frozenhashish:7943,5,https://frozenhashish.com/wp-content/uploads/2026/07/Sift-Fanatics-Hash-Concentrate5.jpg,sift fanatics hash concentrate5.jpg
frozenhashish:7942,1,https://frozenhashish.com/wp-content/uploads/2026/07/4.jpg,Must Hash For Sale
frozenhashish:7942,2,https://frozenhashish.com/wp-content/uploads/2026/07/Bad-Berred-Mousse-1-1.jpg,bad berred mousse 1 1.jpg
frozenhashish:7942,3,https://frozenhashish.com/wp-content/uploads/2026/07/Bad-Berred-Mousse-1-2.jpg,bad berred mousse 1 2.jpg
frozenhashish:7937,1,https://frozenhashish.com/wp-content/uploads/2026/07/Gelato-41-3X-Filtered-.jpg,gelato 41 3x filtered .jpg
frozenhashish:7937,2,https://frozenhashish.com/wp-content/uploads/2026/07/Gelato-41-3X-Filtered-1.jpg,gelato 41 3x filtered 1.jpg
frozenhashish:7933,1,https://frozenhashish.com/wp-content/uploads/2026/07/Darks-Farms-Hash-Concentrate.jpg,darks farms hash concentrate.jpg
frozenhashish:7933,2,https://frozenhashish.com/wp-content/uploads/2026/07/Darks-Farms-Hash-Concentrate-2.jpg,darks farms hash concentrate 2.jpg
frozenhashish:7933,3,https://frozenhashish.com/wp-content/uploads/2026/07/Darks-Farms-Hash-Concentrate-1.jpg,darks farms hash concentrate 1.jpg
frozenhashish:7933,4,https://frozenhashish.com/wp-content/uploads/2026/07/Darks-Farms-Hash-Concentrate-3.jpg,darks farms hash concentrate 3.jpg
frozenhashish:9518,1,https://frozenhashish.com/wp-content/uploads/2026/08/MONSTER-FARM-DRY-SIFT-HASH-.jpg,monster farm dry sift hash
frozenhashish:9497,1,https://frozenhashish.com/wp-content/uploads/2026/08/Eighty8-Hashish-For-Sale.webp,eighty8 hashish for sale
frozenhashish:9480,1,https://frozenhashish.com/wp-content/uploads/2026/08/Gorilla-Glue-Hashish-For-Sale.webp,Gorilla Glue Dry Hash For Sale
frozenhashish:9463,1,https://frozenhashish.com/wp-content/uploads/2026/08/VOLCANO-FARM-HASH-FOR-SALE.webp,volcano farm hash for sale
frozenhashish:9455,1,https://frozenhashish.com/wp-content/uploads/2026/08/THE-KING-FARMS-HASH-FOR-SALE-EUROPE.webp,the king farms hash for sale europe
frozenhashish:9455,2,https://frozenhashish.com/wp-content/uploads/2026/08/THE-KING-FARMS-HASH-FOR-SALE-EUROPE-2.webp,the king farms hash for sale europe 2
frozenhashish:9450,1,https://frozenhashish.com/wp-content/uploads/2026/08/PRADO-FARM-HASH-FOR-SALE.webp,prado farm hash for sale
frozenhashish:9445,1,https://frozenhashish.com/wp-content/uploads/2026/08/Rolex-farms-Hash-For-Sale.webp,rolex farms hash for sale
frozenhashish:9394,1,https://frozenhashish.com/wp-content/uploads/2026/08/Honeycomb-Concentrate-For-Sale.jpg,honeycomb concentrate for sale
frozenhashish:9394,2,https://frozenhashish.com/wp-content/uploads/2026/08/Honeycomb-Concentrate-For-Sale-3.jpg,honeycomb concentrate for sale
frozenhashish:9394,3,https://frozenhashish.com/wp-content/uploads/2026/08/Honeycomb-Concentrate-For-Sale-2.jpg,honeycomb concentrate for sale 2
frozenhashish:9389,1,https://frozenhashish.com/wp-content/uploads/2026/08/Black-Farm-Genetix-Hash-For-Sale.jpg,black farm genetix hash for sale
frozenhashish:9383,1,https://frozenhashish.com/wp-content/uploads/2026/08/Morocco-Farm-Land-Hash-For-Sale.jpg,morocco farm land hash for sale
frozenhashish:9377,1,https://frozenhashish.com/wp-content/uploads/2026/08/Dry-Hash-90-120u.jpg,dry hash 90 120u
frozenhashish:9354,1,https://frozenhashish.com/wp-content/uploads/2026/08/The-Secret-Farmz-Hash-For-Sale.jpg,the secret farmz hash for sale
frozenhashish:9354,2,https://frozenhashish.com/wp-content/uploads/2026/08/The-Secret-Farmz-Hash-For-Sale-2.jpg,the secret farmz hash for sale
frozenhashish:9349,1,https://frozenhashish.com/wp-content/uploads/2026/08/Mr-Charlie-Farmz-Hash-For-Sale.jpg,mr charlie farmz hash for sale
frozenhashish:9337,1,https://frozenhashish.com/wp-content/uploads/2026/08/Golden-Boyz-Farm-Hash-.jpg,golden boyz farm hash
frozenhashish:9337,2,https://frozenhashish.com/wp-content/uploads/2026/08/Golden-Boyz-Farm-Hash-2.jpg,golden boyz farm hash 2
frozenhashish:9332,1,https://frozenhashish.com/wp-content/uploads/2026/08/Dr.-Cali-Barbara-Fruit-hash.jpg,dr. cali barbara fruit hash
frozenhashish:9320,1,https://frozenhashish.com/wp-content/uploads/2026/08/Nectar-Boyz-Premium-Dry-Sift-Hash.jpg,nectar boyz premium dry sift hash
frozenhashish:9320,2,https://frozenhashish.com/wp-content/uploads/2026/08/Nectar-Boyz-Premium-Dry-Sift-Hash-2.jpg,nectar boyz premium dry sift hash 2
frozenhashish:9307,1,https://frozenhashish.com/wp-content/uploads/2026/08/Cali-Mousse-Premium-Hash-For-Sale.jpg,cali mousse premium hash for sale
frozenhashish:9307,2,https://frozenhashish.com/wp-content/uploads/2026/08/Cali-Mousse-Premium-Hash-For-Sale-2.jpg,cali mousse premium hash for sale 2
frozenhashish:9301,1,https://frozenhashish.com/wp-content/uploads/2026/08/La-Crema-Premium-Hash.jpg,la crema premium hash
frozenhashish:9301,2,https://frozenhashish.com/wp-content/uploads/2026/08/La-Crema-Premium-Hash-2.jpg,la crema premium hash 2
frozenhashish:9263,1,https://frozenhashish.com/wp-content/uploads/2026/08/Moroccan-Dry-Sift-Hash-For-Sale.jpg,moroccan dry sift hash for sale
frozenhashish:9263,2,https://frozenhashish.com/wp-content/uploads/2026/08/Moroccan-Dry-Sift-Hash-For-Sale-2.jpg,moroccan dry sift hash for sale 2
frozenhashish:9244,1,https://frozenhashish.com/wp-content/uploads/2026/08/Hash-Vuitton-drysift-19073u-.jpg,hash vuitton drysift 190:73u
frozenhashish:9244,2,https://frozenhashish.com/wp-content/uploads/2026/08/Hash-Vuitton-drysift-19073u-4.jpg,hash vuitton drysift 190:73u
frozenhashish:9244,3,https://frozenhashish.com/wp-content/uploads/2026/08/Hash-Vuitton-drysift-19073u-2.jpg,hash vuitton drysift 190:73u
frozenhashish:9221,1,https://frozenhashish.com/wp-content/uploads/2026/08/TROCKEN-OHNE-FARM-HASH-7390u-.jpg,trocken ohne farm hash 73:90u
frozenhashish:9221,2,https://frozenhashish.com/wp-content/uploads/2026/08/TROCKEN-OHNE-FARM-HASH-7390u-2.jpg,trocken ohne farm hash 73:90u
frozenhashish:9207,1,https://frozenhashish.com/wp-content/uploads/2026/08/Dexter-Farm-Dry-Sift-Hash-90110u.jpg,dexter farm dry sift hash 90:110u
frozenhashish:9207,2,https://frozenhashish.com/wp-content/uploads/2026/08/Dexter-Farm-Dry-Sift-Hash-90110u-2.jpg,dexter farm dry sift hash 90:110u 2
frozenhashish:9200,1,https://frozenhashish.com/wp-content/uploads/2026/08/OHITSU-DRY-SIFT-HASH-73119u.jpg,ohitsu dry sift hash 73:119u
frozenhashish:9200,2,https://frozenhashish.com/wp-content/uploads/2026/08/OHITSU-DRY-SIFT-HASH-73119u-2.jpg,ohitsu dry sift hash 73:119u
frozenhashish:9176,1,https://frozenhashish.com/wp-content/uploads/2026/08/BBM-Farms-Hash-For-Sale.jpg,bbm farms hash for sale
frozenhashish:9176,2,https://frozenhashish.com/wp-content/uploads/2026/08/BBM-Farms-Hash-For-Sale2.jpg,bbm farms hash for sale2
frozenhashish:9176,3,https://frozenhashish.com/wp-content/uploads/2026/08/BBM-Farms-Hash-For-Sale4.jpg,bbm farms hash for sale4
frozenhashish:9170,1,https://frozenhashish.com/wp-content/uploads/2026/08/MISTERY-FARM-HASH-FOR-SALE.jpg,mistery farm hash for sale
frozenhashish:9165,1,https://frozenhashish.com/wp-content/uploads/2026/08/120u-No-Farm-Hash-For-Sale.jpg,120u no farm hash for sale
frozenhashish:9147,1,https://frozenhashish.com/wp-content/uploads/2026/08/VVS-Tangier-Dry-Sift-90u.jpg,vvs tangier dry sift 90u
frozenhashish:9147,2,https://frozenhashish.com/wp-content/uploads/2026/08/VVS-Tangier-Dry-Sift-90u2.jpg,vvs tangier dry sift 90u
frozenhashish:9147,3,https://frozenhashish.com/wp-content/uploads/2026/08/VVS-Tangier-Dry-Sift-90u3.jpg,vvs tangier dry sift 90u
frozenhashish:9098,1,https://frozenhashish.com/wp-content/uploads/2026/08/BLACK-SPRITZER-HASH.jpg,black spritzer hash
frozenhashish:9019,1,https://frozenhashish.com/wp-content/uploads/2026/08/Static-Single-Venom-X-Dr.French-Hash.jpg,static single venom x dr.french hash
frozenhashish:9019,2,https://frozenhashish.com/wp-content/uploads/2026/08/Static-Single-Venom-X-Dr.French-Hash2.jpg,static single venom x dr.french hash2
frozenhashish:9019,3,https://frozenhashish.com/wp-content/uploads/2026/08/Static-Single-Venom-X-Dr.French-Hash3.jpg,static single venom x dr.french hash3
frozenhashish:8995,1,https://frozenhashish.com/wp-content/uploads/2026/08/Fruit-Runtz-Hash-For-Sale.jpg,fruit runtz hash for sale
frozenhashish:8995,2,https://frozenhashish.com/wp-content/uploads/2026/08/Fruit-Runtz-Hash-For-Sale2.jpg,fruit runtz hash for sale2
frozenhashish:8965,1,https://frozenhashish.com/wp-content/uploads/2026/07/Haram-Boyz-Farm-Hash3.webp,Temple Ball Hash
frozenhashish:8940,1,https://frozenhashish.com/wp-content/uploads/2026/08/Cali-Patron-Farm-Chocolat-Mint-120u-Hash.jpg,cali patron farm chocolat mint 120u hash
frozenhashish:8835,1,https://frozenhashish.com/wp-content/uploads/2026/07/Pirate-Monkey-Farm-Hash.webp,pirate monkey farm hash
frozenhashish:8835,2,https://frozenhashish.com/wp-content/uploads/2026/07/Pirate-Monkey-Farm-Hash2.webp,Piatella Hash For Sale
frozenhashish:8835,3,https://frozenhashish.com/wp-content/uploads/2026/07/Pirate-Monkey-Farm-Hash-3.webp,pirate monkey farm hash
frozenhashish:8835,4,https://frozenhashish.com/wp-content/uploads/2026/07/Pirate-Monkey-Farm-Hash4.webp,pirate monkey farm hash
frozenhashish:8835,5,https://frozenhashish.com/wp-content/uploads/2026/07/Pirate-Monkey-Farm-Hash5.webp,pirate monkey farm hash
frozenhashish:8811,1,https://frozenhashish.com/wp-content/uploads/2026/07/The-King-Farms-Hash.webp,the king farms hash
frozenhashish:8811,2,https://frozenhashish.com/wp-content/uploads/2026/07/The-King-Farms-Hash2.webp,the king farms hash2
frozenhashish:8811,3,https://frozenhashish.com/wp-content/uploads/2026/07/The-King-Farms-Hash3.webp,the king farms hash3
frozenhashish:8792,1,https://frozenhashish.com/wp-content/uploads/2026/07/Zombie-Kush-Hash-.webp,zombie kush hash
frozenhashish:8792,2,https://frozenhashish.com/wp-content/uploads/2026/07/Zombie-Kush-Hash-2.webp,zombie kush hash
frozenhashish:8775,1,https://frozenhashish.com/wp-content/uploads/2026/07/Jaune-Mousseux.jpg,jaune mousseux
frozenhashish:8735,1,https://frozenhashish.com/wp-content/uploads/2026/07/Fly-Farm-Hash-.webp,fly farm hash
frozenhashish:8735,2,https://frozenhashish.com/wp-content/uploads/2026/07/Fly-Farm-Hash-2.webp,fly farm hash
frozenhashish:8735,3,https://frozenhashish.com/wp-content/uploads/2026/07/Fly-Farm-Hash-3.webp,fly farm hash
frozenhashish:8735,4,https://frozenhashish.com/wp-content/uploads/2026/07/Fly-Farm-Hash-4.webp,fly farm hash 4
frozenhashish:8726,1,https://frozenhashish.com/wp-content/uploads/2026/07/Gas-Farm-Hash-3.webp,gas farm hash
frozenhashish:8726,2,https://frozenhashish.com/wp-content/uploads/2026/07/Gas-Farm-Hash-.webp,gas farm hash
frozenhashish:8726,3,https://frozenhashish.com/wp-content/uploads/2026/07/Gas-Farm-Hash-2.webp,gas farm hash
frozenhashish:8715,1,https://frozenhashish.com/wp-content/uploads/2026/07/H.G-Farms-Hash-For-Sale.webp,h.g farms hash for sale
frozenhashish:8715,2,https://frozenhashish.com/wp-content/uploads/2026/07/H.G-Farms-Hash-For-Sale3.webp,h.g farms hash for sale
frozenhashish:8715,3,https://frozenhashish.com/wp-content/uploads/2026/07/H.G-Farms-Hash-For-Sale2.webp,h.g farms hash for sale2
frozenhashish:8630,1,https://frozenhashish.com/wp-content/uploads/2026/07/Wan-Piece-Farm-Hash-.webp,wan piece farm hash
frozenhashish:8630,2,https://frozenhashish.com/wp-content/uploads/2026/07/Wan-Piece-Farm-Hash-2.webp,wan piece farm hash
frozenhashish:8630,3,https://frozenhashish.com/wp-content/uploads/2026/07/Wan-Piece-Farm-Hash-3.webp,wan piece farm hash
frozenhashish:8630,4,https://frozenhashish.com/wp-content/uploads/2026/07/Wan-Piece-Farm-Hash-4.webp,wan piece farm hash
frozenhashish:8630,5,https://frozenhashish.com/wp-content/uploads/2026/07/Wan-Piece-Farm-Hash-5.webp,wan piece farm hash
frozenhashish:8620,1,https://frozenhashish.com/wp-content/uploads/2026/07/Cali-Mountain-Farm-Hash-2.webp,cali mountain farm hash
frozenhashish:8620,2,https://frozenhashish.com/wp-content/uploads/2026/07/Cali-Mountain-Farm-Hash.webp,cali mountain farm hash
frozenhashish:8620,3,https://frozenhashish.com/wp-content/uploads/2026/07/Cali-Mountain-Farm-Hash1.webp,cali mountain farm hash1
frozenhashish:8609,1,https://frozenhashish.com/wp-content/uploads/2026/07/Dirham-Farm-Hash-2.webp,dirham farm hash
frozenhashish:8609,2,https://frozenhashish.com/wp-content/uploads/2026/07/Dirham-Farm-Hash-.webp,dirham farm hash
frozenhashish:8609,3,https://frozenhashish.com/wp-content/uploads/2026/07/Dirham-Farm-Hash-3.webp,dirham farm hash
frozenhashish:8599,1,https://frozenhashish.com/wp-content/uploads/2026/07/Dry-Sift-Hash-100g.webp,dry sift hash 100g
frozenhashish:8599,2,https://frozenhashish.com/wp-content/uploads/2026/07/Dry-Sift-Hash-100g2.webp,dry sift hash 100g
frozenhashish:8599,3,https://frozenhashish.com/wp-content/uploads/2026/07/Dry-Sift-Hash-100g3.webp,dry sift hash 100g
frozenhashish:8589,1,https://frozenhashish.com/wp-content/uploads/2026/07/Golden-Boys-Farm-Hash.webp,golden boys farm hash
frozenhashish:8589,2,https://frozenhashish.com/wp-content/uploads/2026/07/Golden-Boys-Farm-Hash2.webp,golden boys farm hash2
frozenhashish:8589,3,https://frozenhashish.com/wp-content/uploads/2026/07/Golden-Boys-Farm-Hash3.webp,golden boys farm hash
frozenhashish:8582,1,https://frozenhashish.com/wp-content/uploads/2026/07/Ketama-Hash-For-Sale.webp,ketama hash for sale
frozenhashish:8573,1,https://frozenhashish.com/wp-content/uploads/2026/07/Kilogrammes-Farm-Hash-For-Sale.webp,kilogrammes farm hash for sale
frozenhashish:8573,2,https://frozenhashish.com/wp-content/uploads/2026/07/Kilogrammes-Farm-Hash-For-Sale2.webp,kilogrammes farm hash for sale2
frozenhashish:8564,1,https://frozenhashish.com/wp-content/uploads/2026/07/MARS-ICE-CREAM-HASH-.webp,mars ice cream hash
frozenhashish:8564,2,https://frozenhashish.com/wp-content/uploads/2026/07/MARS-ICE-CREAM-HASH-1.webp,mars ice cream hash
frozenhashish:8564,3,https://frozenhashish.com/wp-content/uploads/2026/07/MARS-ICE-CREAM-HASH-3.webp,mars ice cream hash
frozenhashish:8547,1,https://frozenhashish.com/wp-content/uploads/2026/07/Royal-Farmz-Hash-.webp,royal farmz hash
frozenhashish:8547,2,https://frozenhashish.com/wp-content/uploads/2026/07/Royal-Farmz-Hash-2.webp,royal farmz hash
frozenhashish:8547,3,https://frozenhashish.com/wp-content/uploads/2026/07/Royal-Farmz-Hash.jpg,royal farmz hash
frozenhashish:8539,1,https://frozenhashish.com/wp-content/uploads/2026/07/Semi-Dry-Sift-Hash-.webp,semi dry sift hash
frozenhashish:8529,1,https://frozenhashish.com/wp-content/uploads/2026/07/Sticky-Fingers-Hash.webp,sticky fingers hash
frozenhashish:8529,2,https://frozenhashish.com/wp-content/uploads/2026/07/Sticky-Fingers-Hash2.webp,sticky fingers hash
frozenhashish:8529,3,https://frozenhashish.com/wp-content/uploads/2026/07/Sticky-Fingers-Hash3.webp,sticky fingers hash
frozenhashish:8510,1,https://frozenhashish.com/wp-content/uploads/2026/07/Swiss-Farms-Hash.webp,swiss farms hash
frozenhashish:8510,2,https://frozenhashish.com/wp-content/uploads/2026/07/Swiss-Farms-Hash1.webp,swiss farms hash1
frozenhashish:8510,3,https://frozenhashish.com/wp-content/uploads/2026/07/Swiss-Farms-Hash3.webp,swiss farms hash
frozenhashish:8501,1,https://frozenhashish.com/wp-content/uploads/2026/07/Terpy-Farms-Hash.webp,terpy farms hash
frozenhashish:8501,2,https://frozenhashish.com/wp-content/uploads/2026/07/Terpy-Farms-Hash2.webp,terpy farms hash
frozenhashish:8492,1,https://frozenhashish.com/wp-content/uploads/2026/07/Ice-Water-Hash.webp,ice water hash
frozenhashish:8067,1,https://frozenhashish.com/wp-content/uploads/2026/07/VVS-Tanger-Dry-Sift-Hash.jpg,vvs tanger dry sift hash
frozenhashish:7833,1,https://frozenhashish.com/wp-content/uploads/2026/07/Omerta-Farm-Concentrate-3.jpg,omerta farm concentrate 3.jpg
frozenhashish:7833,2,https://frozenhashish.com/wp-content/uploads/2026/07/Omerta-Farm-Concentrate-5.jpg,omerta farm concentrate 5.jpg
frozenhashish:7833,3,https://frozenhashish.com/wp-content/uploads/2026/07/Omerta-Farm-Concentrate.jpg,omerta farm concentrate.jpg
frozenhashish:7833,4,https://frozenhashish.com/wp-content/uploads/2026/07/Omerta-Farm-Concentrate1.jpg,omerta farm concentrate1.jpg
frozenhashish:7782,1,https://frozenhashish.com/wp-content/uploads/2026/07/Top-dry-120µ-hash.jpg,top dry 120µ hash
frozenhashish:7782,2,https://frozenhashish.com/wp-content/uploads/2026/07/Top-dry-120µ-hash2.jpg,top dry 120µ hash2
frozenhashish:7742,1,https://frozenhashish.com/wp-content/uploads/2026/07/BROKER-FARM-HASH-.webp,broker farm hash
frozenhashish:7742,2,https://frozenhashish.com/wp-content/uploads/2026/07/Broker-Farm-Hash2.webp,broker farm hash
frozenhashish:7742,3,https://frozenhashish.com/wp-content/uploads/2026/07/BROKER-FARM-HASH-1.webp,broker farm hash 1
frozenhashish:9486,1,https://frozenhashish.com/wp-content/uploads/2026/08/GAZ-SELECTION-FROZEN-SIFT-HASH-FOR-SALE.webp,gaz sélection frozen sift hash for sale
frozenhashish:9475,1,https://frozenhashish.com/wp-content/uploads/2026/08/Braderie-Farmz-Hash-For-Sale.webp,braderie farmz hash for sale
frozenhashish:9469,1,https://frozenhashish.com/wp-content/uploads/2026/08/BARCA-BOYS-FARM-HASH-FOR-SALE-EUROPE.webp,barca boys farm hash for sale europe
frozenhashish:9407,1,https://frozenhashish.com/wp-content/uploads/2026/08/Golden-Boys-Farm-Hash-For-Sale-1.jpg,golden boys farm hash for sale
frozenhashish:9370,1,https://frozenhashish.com/wp-content/uploads/2026/08/NECTAR-BOYZ-HASH-FOR-SALE.jpg,nectar boyz hash for sale
frozenhashish:9370,2,https://frozenhashish.com/wp-content/uploads/2026/08/NECTAR-BOYZ-HASH-FOR-SALE-2.jpg,nectar boyz hash for sale
frozenhashish:9370,3,https://frozenhashish.com/wp-content/uploads/2026/08/NECTAR-BOYZ-HASH-FOR-SALE-3.jpg,nectar boyz hash for sale
frozenhashish:9363,1,https://frozenhashish.com/wp-content/uploads/2026/08/The-Hash-Valley-Farmz-For-Sale.jpg,the hash valley farmz for sale
frozenhashish:9326,1,https://frozenhashish.com/wp-content/uploads/2026/08/ICE-MOUNTAIN-FARM-FROZEN-SIFT-HASH.jpg,ice mountain farm frozen sift hash
frozenhashish:9326,2,https://frozenhashish.com/wp-content/uploads/2026/08/ICE-MOUNTAIN-FARM-FROZEN-SIFT-HASH-2.jpg,ice mountain farm frozen sift hash 2
frozenhashish:9294,1,https://frozenhashish.com/wp-content/uploads/2026/08/ILLUMINATI-FARMZ-FRESH-FROZEN-STATIC-SIFT-HASH.jpg,illuminati farmz fresh frozen static sift hash
frozenhashish:9269,1,https://frozenhashish.com/wp-content/uploads/2026/08/𝐓𝐇𝐄-𝐁𝐔𝐅𝐀𝐋𝐎-𝐏𝐋𝐄𝐈𝐍.jpg,𝐓𝐇𝐄 𝐁𝐔𝐅𝐀𝐋𝐎 𝐏𝐋𝐄𝐈𝐍
frozenhashish:9269,2,https://frozenhashish.com/wp-content/uploads/2026/08/𝐓𝐇𝐄-𝐁𝐔𝐅𝐀𝐋𝐎-𝐏𝐋𝐄𝐈𝐍-2.jpg,𝐓𝐇𝐄 𝐁𝐔𝐅𝐀𝐋𝐎 𝐏𝐋𝐄𝐈𝐍
frozenhashish:9269,3,https://frozenhashish.com/wp-content/uploads/2026/08/𝐓𝐇𝐄-𝐁𝐔𝐅𝐀𝐋𝐎-𝐏𝐋𝐄𝐈𝐍-3.jpg,𝐓𝐇𝐄 𝐁𝐔𝐅𝐀𝐋𝐎 𝐏𝐋𝐄𝐈𝐍 3
frozenhashish:9237,1,https://frozenhashish.com/wp-content/uploads/2026/08/CALIFROZEN.FARMZ-FROZEN-SIFT-HASH.jpg,califrozen.farmz frozen sift hash
frozenhashish:9237,2,https://frozenhashish.com/wp-content/uploads/2026/08/CALIFROZEN.FARMZ-FROZEN-SIFT-HASH-1.jpg,califrozen.farmz frozen sift hash
frozenhashish:9237,3,https://frozenhashish.com/wp-content/uploads/2026/08/CALIFROZEN.FARMZ-FROZEN-SIFT-HASH-2.jpg,califrozen.farmz frozen sift hash
frozenhashish:9227,1,https://frozenhashish.com/wp-content/uploads/2026/08/BLUE-MAGIC-FROZEN-SIFT-HASH-19073u.jpg,blue magic frozen sift hash 190:73u
frozenhashish:9214,1,https://frozenhashish.com/wp-content/uploads/2026/08/ICELABZ-Hash-90110u-For-Sale.jpg,icelabz hash 90:110u for sale
frozenhashish:9214,2,https://frozenhashish.com/wp-content/uploads/2026/08/ICELABZ-Hash-90110u-For-Sale2.jpg,icelabz hash 90:110u for sale2
frozenhashish:9214,3,https://frozenhashish.com/wp-content/uploads/2026/08/ICELABZ-Hash-90110u-For-Sale-4.jpg,icelabz hash 90:110u for sale 4
frozenhashish:9185,1,https://frozenhashish.com/wp-content/uploads/2026/08/Starburst-Hash-Rosin-For-Sale.jpg,starburst hash rosin for sale
frozenhashish:9185,2,https://frozenhashish.com/wp-content/uploads/2026/08/Starburst-Hash-Rosin-For-Sale2.jpg,starburst hash rosin for sale
frozenhashish:9138,1,https://frozenhashish.com/wp-content/uploads/2026/08/Bufalo-Plein-Hash-120u.jpg,bufalo plein hash 120u
frozenhashish:9138,2,https://frozenhashish.com/wp-content/uploads/2026/08/Bufalo-Plein-Hash-120u2.jpg,bufalo plein hash 120u
frozenhashish:9138,3,https://frozenhashish.com/wp-content/uploads/2026/08/Bufalo-Plein-Hash-120u3.jpg,bufalo plein hash 120u
frozenhashish:9130,1,https://frozenhashish.com/wp-content/uploads/2026/08/Bufalo-Plein-Frozen-sift-Hash-18090u-2026.jpg,bufalo plein frozen sift hash 180:90u 2026
frozenhashish:9085,1,https://frozenhashish.com/wp-content/uploads/2026/08/LA-SOURCE-FROZEN-SIFT-HASH.jpg,la source frozen sift hash
frozenhashish:9085,2,https://frozenhashish.com/wp-content/uploads/2026/08/LA-SOURCE-FROZEN-SIFT-HASH2.jpg,la source frozen sift hash2
frozenhashish:9077,1,https://frozenhashish.com/wp-content/uploads/2026/08/Ice-WPFF-Full-Melt-Hash.jpg,ice wpff full melt hash
frozenhashish:9077,2,https://frozenhashish.com/wp-content/uploads/2026/08/Ice-WPFF-Full-Melt-Hash-2.jpg,ice wpff full melt hash
frozenhashish:9011,1,https://frozenhashish.com/wp-content/uploads/2026/08/Buy-Hash-Online.jpg,buy hash online
frozenhashish:9011,2,https://frozenhashish.com/wp-content/uploads/2026/08/Buy-Hash-Online-2.jpg,buy hash online
frozenhashish:8957,1,https://frozenhashish.com/wp-content/uploads/2026/07/Pirate-Monkey-Farm-Hash2.webp,Piatella Hash For Sale
frozenhashish:8954,1,https://frozenhashish.com/wp-content/uploads/2026/08/GMO-Hash-For-Sale.jpg,gmo hash for sale
frozenhashish:8706,1,https://frozenhashish.com/wp-content/uploads/2026/07/Haram-Boyz-Farm-Hash.webp,haram boyz farm hash
frozenhashish:8706,2,https://frozenhashish.com/wp-content/uploads/2026/07/Haram-Boyz-Farm-Hash2.webp,haram boyz farm hash
frozenhashish:8706,3,https://frozenhashish.com/wp-content/uploads/2026/07/Haram-Boyz-Farm-Hash3.webp,Temple Ball Hash
frozenhashish:8519,1,https://frozenhashish.com/wp-content/uploads/2026/07/Streetz-Farmz-Hash.webp,streetz farmz hash
frozenhashish:8519,2,https://frozenhashish.com/wp-content/uploads/2026/07/Streetz-Farmz-Hash2.webp,streetz farmz hash
frozenhashish:8519,3,https://frozenhashish.com/wp-content/uploads/2026/07/Streetz-Farmz-Hash3.webp,streetz farmz hash
frozenhashish:7829,1,https://frozenhashish.com/wp-content/uploads/2026/07/Mount-Olympus-Farm-.jpg,mount olympus farm .jpg
frozenhashish:7829,2,https://frozenhashish.com/wp-content/uploads/2026/07/Mount-Olympus-Farm-1.jpg,mount olympus farm 1.jpg
frozenhashish:7829,3,https://frozenhashish.com/wp-content/uploads/2026/07/Mount-Olympus-Farm-3.jpg,mount olympus farm 3.jpg
frozenhashish:7829,4,https://frozenhashish.com/wp-content/uploads/2026/07/Mount-Olympus-Farm-4.jpg,mount olympus farm 4.jpg
frozenhashish:7824,1,https://frozenhashish.com/wp-content/uploads/2026/07/Kinks-Farms-.jpg,kinks farms .jpg
frozenhashish:7824,2,https://frozenhashish.com/wp-content/uploads/2026/07/Kinks-Farms-2.jpg,kinks farms 2.jpg
frozenhashish:7791,1,https://frozenhashish.com/wp-content/uploads/2026/07/Buffalo-Plein-Frozen-Sift-Hash2.webp,buffalo plein frozen sift hash
frozenhashish:7791,2,https://frozenhashish.com/wp-content/uploads/2026/07/Buffalo-Plein-Frozen-Sift-Hash.webp,buffalo plein frozen sift hash
frozenhashish:7791,3,https://frozenhashish.com/wp-content/uploads/2026/07/Buffalo-Plein-Frozen-Sift-Hash3.webp,buffalo plein frozen sift hash
frozenhashish:9512,1,https://frozenhashish.com/wp-content/uploads/2026/08/Honey-Mountain-Farm-Hash-For-Sale.webp,honey mountain farm hash for sale
frozenhashish:9420,1,https://frozenhashish.com/wp-content/uploads/2026/08/GORILLA-COOKIES-HASH-EGGS-FOR-SAALE.webp,gorilla cookies hash eggs for saale
frozenhashish:7843,1,https://frozenhashish.com/wp-content/uploads/2026/07/Mountain-Giants-Hash-Egg-.jpg,mountain giants hash egg .jpg
frozenhashish:7843,2,https://frozenhashish.com/wp-content/uploads/2026/07/Mountain-Giants-Hash-Egg-1.jpg,mountain giants hash egg 1.jpg
frozenhashish:7843,3,https://frozenhashish.com/wp-content/uploads/2026/07/Mountain-Giants-Hash-Egg-3.jpg,mountain giants hash egg 3.jpg
frozenhashish:7843,4,https://frozenhashish.com/wp-content/uploads/2026/07/Mountain-Giants-Hash-Egg-4.jpg,mountain giants hash egg 4.jpg
frozenhashish:7839,1,https://frozenhashish.com/wp-content/uploads/2026/07/Hashski-Static-Eggs-Hash.jpg,hashski static eggs hash.jpg
frozenhashish:7839,2,https://frozenhashish.com/wp-content/uploads/2026/07/Hashski-Static-Eggs-Hash2.jpg,hashski static eggs hash2.jpg
frozenhashish:9502,1,https://frozenhashish.com/wp-content/uploads/2026/08/Los-Angeles-Lakers-Farm-Hash-For-Sale.webp,los angeles lakers farm hash for sale
frozenhashish:9432,1,https://frozenhashish.com/wp-content/uploads/2026/08/LA-MOUSSE-SUPER-MARIO-HASH-FOR-SALE.webp,la mousse super mario hash for sale
frozenhashish:9251,1,https://frozenhashish.com/wp-content/uploads/2026/08/La-Mousse-Hash-For-Sale.jpg,la mousse hash for sale
frozenhashish:9124,1,https://frozenhashish.com/wp-content/uploads/2026/08/Dry-Sift-Candy-Mousse-120u-Hash-1.jpg,dry sift candy mousse 120u hash
frozenhashish:9124,2,https://frozenhashish.com/wp-content/uploads/2026/08/Dry-Sift-Candy-Mousse-120u-Hash2.jpg,dry sift candy mousse 120u hash
frozenhashish:9066,1,https://frozenhashish.com/wp-content/uploads/2026/08/West-Coast-Mousse-For-Sale.jpg,west coast mousse for sale
frozenhashish:9066,2,https://frozenhashish.com/wp-content/uploads/2026/08/West-Coast-Mousse-For-Sale-2.jpg,west coast mousse for sale
frozenhashish:9066,3,https://frozenhashish.com/wp-content/uploads/2026/08/West-Coast-Mousse-For-Sale-3.jpg,west coast mousse for sale
frozenhashish:7992,1,https://frozenhashish.com/wp-content/uploads/2026/07/Mousse-Barcelona-hash.webp,mousse barcelona hash.webp
frozenhashish:7986,1,https://frozenhashish.com/wp-content/uploads/2026/07/Mountain-Farm-Mousse-Hash.webp,mountain farm mousse hash.webp
frozenhashish:7981,1,https://frozenhashish.com/wp-content/uploads/2026/07/Bentley-Mousse-Hash-.jpeg,bentley mousse hash .jpeg
frozenhashish:7976,1,https://frozenhashish.com/wp-content/uploads/2026/07/Bubble-Gum-Mousse.jpeg,bubble gum mousse.jpeg
frozenhashish:7895,1,https://frozenhashish.com/wp-content/uploads/2026/07/West-Coast-Mousse-Hashish-3.jpg,west coast mousse hashish 3.jpg
frozenhashish:7895,2,https://frozenhashish.com/wp-content/uploads/2026/07/West-Coast-Mousse-Hashish-.jpg,west coast mousse hashish .jpg
frozenhashish:7895,3,https://frozenhashish.com/wp-content/uploads/2026/07/West-Coast-Mousse-Hashish-2.jpg,west coast mousse hashish 2.jpg
frozenhashish:7895,4,https://frozenhashish.com/wp-content/uploads/2026/07/West-Coast-Mousse-Hashish-1.jpg,west coast mousse hashish 1.jpg
frozenhashish:7890,1,https://frozenhashish.com/wp-content/uploads/2026/07/Tengo-Hambre-Mousse-Hashish.jpg,tengo hambre mousse hashish.jpg
frozenhashish:7890,2,https://frozenhashish.com/wp-content/uploads/2026/07/Tengo-Hambre-Mousse-Hashish-1.jpg,tengo hambre mousse hashish 1.jpg
frozenhashish:7884,1,https://frozenhashish.com/wp-content/uploads/2026/07/Morocco-Mousse-1.jpg,morocco mousse 1.jpg
frozenhashish:7884,2,https://frozenhashish.com/wp-content/uploads/2026/07/Morocco-Mousse-.jpg,morocco mousse .jpg
frozenhashish:7878,1,https://frozenhashish.com/wp-content/uploads/2026/07/Golden-Tiger-Mousse-Hash-Concentrate-1-1.jpg,golden tiger mousse hash concentrate 1 1.jpg
frozenhashish:7878,2,https://frozenhashish.com/wp-content/uploads/2026/07/Golden-Tiger-Mousse-Hash-Concentrate-2-1.jpg,golden tiger mousse hash concentrate 2 1.jpg
frozenhashish:7853,1,https://frozenhashish.com/wp-content/uploads/2026/07/Gold-Mousse.jpg,gold mousse.jpg
frozenhashish:7853,2,https://frozenhashish.com/wp-content/uploads/2026/07/Gold-Mousse-1.jpg,gold mousse 1.jpg
frozenhashish:7853,3,https://frozenhashish.com/wp-content/uploads/2026/07/Gold-Mousse-2.jpg,gold mousse 2.jpg
frozenhashish:7848,1,https://frozenhashish.com/wp-content/uploads/2026/07/Bad-Berred-Mousse-.jpg,bad berred mousse .jpg
frozenhashish:7848,2,https://frozenhashish.com/wp-content/uploads/2026/07/Bad-Berred-Mousse-1.jpg,bad berred mousse 1.jpg
frozenhashish:7551,1,https://frozenhashish.com/wp-content/uploads/2026/07/La-Mousse-Sherbert-Hash.jpg,la mousse sherbert hash.jpg
frozenhashish:7546,1,https://frozenhashish.com/wp-content/uploads/2026/07/La-Mousse-Runtz-Hash-.jpg,la mousse runtz hash .jpg
frozenhashish:7541,1,https://frozenhashish.com/wp-content/uploads/2026/07/La-Mousse-Mendo-Purps-Hash-.jpg,la mousse mendo purps hash .jpg
frozenhashish:7536,1,https://frozenhashish.com/wp-content/uploads/2026/07/La-Mousse-Jealousy-Hash.jpg,la mousse jealousy hash.jpg
frozenhashish:7525,1,https://frozenhashish.com/wp-content/uploads/2026/07/La-Mousse-I.C.C-Hash-.jpg,la mousse i.c.c hash .jpg
frozenhashish:7520,1,https://frozenhashish.com/wp-content/uploads/2026/07/La-Mousse-Zoap-Hash-.jpg,la mousse zoap hash .jpg
frozenhashish:7515,1,https://frozenhashish.com/wp-content/uploads/2026/07/La-Mousse-White-Runtz-Hash-.jpg,la mousse white runtz hash .jpg
frozenhashish:7510,1,https://frozenhashish.com/wp-content/uploads/2026/07/La-Mousse-Sundae-Driver-Hash-.jpg,la mousse sundae driver hash .jpg
frozenhashish:7505,1,https://frozenhashish.com/wp-content/uploads/2026/07/La-Mousse-Sour-Diesel-Hash-13.jpg,la mousse sour diesel hash 13.jpg
frozenhashish:7500,1,https://frozenhashish.com/wp-content/uploads/2026/07/La-Mousse-Gelato-41-Hash-.jpg,la mousse gelato 41 hash .jpg
frozenhashish:7489,1,https://frozenhashish.com/wp-content/uploads/2026/07/La-Mousse-Gelato-33-Hash.jpg,la mousse gelato 33 hash.jpg
frozenhashish:7484,1,https://frozenhashish.com/wp-content/uploads/2026/07/La-Mousse-Gary-Payton-Hash-.jpg,la mousse gary payton hash .jpg
frozenhashish:7479,1,https://frozenhashish.com/wp-content/uploads/2026/07/La-Mousse-Chile-Verde-Hash.jpg,la mousse chile verde hash.jpg
frozenhashish:7474,1,https://frozenhashish.com/wp-content/uploads/2026/07/La-Mousse-Cherry-Pie-Hash.jpg,la mousse cherry pie hash.jpg
frozenhashish:7469,1,https://frozenhashish.com/wp-content/uploads/2026/07/La-Mousse-Cheese-Cake-Hash-2.jpg,la mousse cheese cake hash 2.jpg
frozenhashish:7464,1,https://frozenhashish.com/wp-content/uploads/2026/07/La-Mousse-Apple-Fritter-Hash.webp,la mousse apple fritter hash.webp
frozenhashish:9491,1,https://frozenhashish.com/wp-content/uploads/2026/08/EL-POULPO-FARM-STATIC-HASH-FOR-SALE.webp,el poulpo farm static hash for sale
frozenhashish:9438,1,https://frozenhashish.com/wp-content/uploads/2026/08/SASUKE-FARMS-HASH-FOR-SALE.webp,sasuke farms hash for sale
frozenhashish:9438,2,https://frozenhashish.com/wp-content/uploads/2026/08/SASUKE-FARMS-HASH-FOR-SALE-2.webp,sasuke farms hash for sale
frozenhashish:9438,3,https://frozenhashish.com/wp-content/uploads/2026/08/SASUKE-FARMS-HASH-FOR-SALE-3.webp,sasuke farms hash for sale
frozenhashish:9425,1,https://frozenhashish.com/wp-content/uploads/2026/08/SHEESH-HASH-STATIC-FOR-SALE.webp,sheesh hash static for sale
frozenhashish:9425,2,https://frozenhashish.com/wp-content/uploads/2026/08/SHEESH-HASH-STATIC-FOR-SALE-2.webp,sheesh hash static for sale 2
frozenhashish:9414,1,https://frozenhashish.com/wp-content/uploads/2026/08/Dry-Static-Sift-Hash.jpg,dry static sift hash
frozenhashish:9414,2,https://frozenhashish.com/wp-content/uploads/2026/08/Dry-Static-Sift-Hash-2.jpg,dry static sift hash
frozenhashish:9402,1,https://frozenhashish.com/wp-content/uploads/2026/08/Static-Gaz-Fruit-Hash-For-Sale.jpg,static gaz fruit hash for sale
frozenhashish:9343,1,https://frozenhashish.com/wp-content/uploads/2026/08/Royal-farmz-Real-Static-.jpg,royal farmz real static
frozenhashish:9343,2,https://frozenhashish.com/wp-content/uploads/2026/08/Royal-farmz-Real-Static-2.jpg,royal farmz real static
frozenhashish:9313,1,https://frozenhashish.com/wp-content/uploads/2026/08/Chubby-Farmz-Hash-for-sale.jpg,chubby farmz hash for sale
frozenhashish:9313,2,https://frozenhashish.com/wp-content/uploads/2026/08/Chubby-Farmz-Hash-for-sale-1.jpg,chubby farmz hash for sale 1
frozenhashish:9313,3,https://frozenhashish.com/wp-content/uploads/2026/08/Chubby-Farmz-Hash-for-sale-3.jpg,chubby farmz hash for sale 3
frozenhashish:9276,1,https://frozenhashish.com/wp-content/uploads/2026/08/Mountain-Giants-Static-Sift-Hash-140-73u.jpg,mountain giants static sift hash 140 73u
frozenhashish:9276,2,https://frozenhashish.com/wp-content/uploads/2026/08/Mountain-Giants-Static-Sift-Hash-140-73u-2.jpg,mountain giants static sift hash 140 73u
frozenhashish:9232,1,https://frozenhashish.com/wp-content/uploads/2026/08/ICELABZ-GOLD-LINE-STATIC-SIFT-HASH.jpg,icelabz gold line static sift hash
frozenhashish:9159,1,https://frozenhashish.com/wp-content/uploads/2026/08/LANASAR-Static-Sift-Hash-19090u.jpg,lanasar static sift hash 190:90u
frozenhashish:9159,2,https://frozenhashish.com/wp-content/uploads/2026/08/LANASAR-Static-Sift-Hash-19090u2.jpg,lanasar static sift hash 190:90u
frozenhashish:8686,1,https://frozenhashish.com/wp-content/uploads/2026/07/Ice-Labz-Hash-For-Sale2.webp,ice labz hash for sale
frozenhashish:8686,2,https://frozenhashish.com/wp-content/uploads/2026/07/Ice-Labz-Hash-For-Sale3.webp,ice labz hash for sale3
frozenhashish:8686,3,https://frozenhashish.com/wp-content/uploads/2026/07/Ice-Labz-Hash-For-Sale.webp,ice labz hash for sale
frozenhashish:8670,1,https://frozenhashish.com/wp-content/uploads/2026/07/Mt.-Riff-Farm-Hash.webp,mt. riff farm hash
frozenhashish:8662,1,https://frozenhashish.com/wp-content/uploads/2026/07/Sunset-Sherbert-Hash-For-Sale.webp,sunset sherbert hash for sale
frozenhashish:8481,1,https://frozenhashish.com/wp-content/uploads/2026/07/Sheesh-Hash.webp,sheesh hash
frozenhashish:8481,2,https://frozenhashish.com/wp-content/uploads/2026/07/Sheesh-Hash1.webp,sheesh hash
frozenhashish:8481,3,https://frozenhashish.com/wp-content/uploads/2026/07/Sheesh-Hash2.webp,sheesh hash
frozenhashish:8470,1,https://frozenhashish.com/wp-content/uploads/2026/07/Static-Room-Hash-For-Sale.webp,static room hash for sale
frozenhashish:8470,2,https://frozenhashish.com/wp-content/uploads/2026/07/Static-Room-Hash-For-Sale2.webp,static room hash for sale2
frozenhashish:8470,3,https://frozenhashish.com/wp-content/uploads/2026/07/Static-Room-Hash-For-Sale3.webp,static room hash for sale
frozenhashish:8459,1,https://frozenhashish.com/wp-content/uploads/2026/07/Sultan-Static-Hash-.webp,sultan static hash
frozenhashish:8459,2,https://frozenhashish.com/wp-content/uploads/2026/07/Sultan-Static-Hash-1.webp,sultan static hash
frozenhashish:8459,3,https://frozenhashish.com/wp-content/uploads/2026/07/Sultan-Static-Hash-3.webp,sultan static hash
frozenhashish:8449,1,https://frozenhashish.com/wp-content/uploads/2026/07/VICE-CITY-PLASMA-STATIC-HASH-.jpeg,vice city plasma static hash
frozenhashish:8449,2,https://frozenhashish.com/wp-content/uploads/2026/07/VICE-CITY-PLASMA-STATIC-HASH-2.jpeg,vice city plasma static hash
frozenhashish:8438,1,https://frozenhashish.com/wp-content/uploads/2026/07/West-Coast-Static-.webp,west coast static
frozenhashish:8438,2,https://frozenhashish.com/wp-content/uploads/2026/07/West-Coast-Static-2.webp,west coast static 2
frozenhashish:8438,3,https://frozenhashish.com/wp-content/uploads/2026/07/West-Coast-Static-3.webp,west coast static 3
frozenhashish:8429,1,https://frozenhashish.com/wp-content/uploads/2026/07/Wizard-Trees-x-Golden-Warriors-Hash-.webp,wizard trees x golden warriors hash
frozenhashish:8429,2,https://frozenhashish.com/wp-content/uploads/2026/07/Wizard-Trees-x-Golden-Warriors-Hash-2.webp,wizard trees x golden warriors hash 2
frozenhashish:8419,1,https://frozenhashish.com/wp-content/uploads/2026/07/Rolex-Farms-hash-.webp,rolex farms hash
frozenhashish:8419,2,https://frozenhashish.com/wp-content/uploads/2026/07/Rolex-Farms-hash-2.webp,rolex farms hash
frozenhashish:8408,1,https://frozenhashish.com/wp-content/uploads/2026/07/Rif-Mountain-Hash3.webp,rif mountain hash
frozenhashish:8408,2,https://frozenhashish.com/wp-content/uploads/2026/07/Rif-Mountain-Hash2.webp,rif mountain hash
frozenhashish:8408,3,https://frozenhashish.com/wp-content/uploads/2026/07/Rif-Mountain-Hash.webp,rif mountain hash
frozenhashish:8397,1,https://frozenhashish.com/wp-content/uploads/2026/07/Notorious-B.I.G-Hash.webp,notorious b.i.g hash
frozenhashish:8397,2,https://frozenhashish.com/wp-content/uploads/2026/07/Notorious-B.I.G-Hash2.webp,notorious b.i.g hash
frozenhashish:8397,3,https://frozenhashish.com/wp-content/uploads/2026/07/Notorious-B.I.G-Hash3.webp,notorious b.i.g hash3
frozenhashish:8387,1,https://frozenhashish.com/wp-content/uploads/2026/07/Pop-Smoke-Hash3.webp,pop smoke hash3
frozenhashish:8387,2,https://frozenhashish.com/wp-content/uploads/2026/07/Pop-Smoke-Hash.webp,pop smoke hash
frozenhashish:8377,1,https://frozenhashish.com/wp-content/uploads/2026/07/Jeff-Farms-Hash-.webp,jeff farm’s hash
frozenhashish:8377,2,https://frozenhashish.com/wp-content/uploads/2026/07/Jeff-Farms-Hash-2.webp,jeff farm’s hash 2
frozenhashish:8368,1,https://frozenhashish.com/wp-content/uploads/2026/07/La-Squadra-Farmz-Hash.webp,la squadra farmz hash
frozenhashish:8368,2,https://frozenhashish.com/wp-content/uploads/2026/07/La-Squadra-Farms-Hash2.webp,la squadra farms hash
frozenhashish:8357,1,https://frozenhashish.com/wp-content/uploads/2026/07/Mountain-Brothers-Farm-Hash.webp,mountain brothers farm hash
frozenhashish:8357,2,https://frozenhashish.com/wp-content/uploads/2026/07/Mountain-Brothers-Farm-Hash1.webp,mountain brothers farm hash
frozenhashish:8357,3,https://frozenhashish.com/wp-content/uploads/2026/07/Mountain-Brothers-Farm-Hash3.webp,mountain brothers farm hash
frozenhashish:8346,1,https://frozenhashish.com/wp-content/uploads/2026/07/Golden-Head-Warriors-Hash3.webp,golden head warriors hash
frozenhashish:8346,2,https://frozenhashish.com/wp-content/uploads/2026/07/Golden-Head-Warriors-Hash.webp,golden head warriors hash
frozenhashish:8346,3,https://frozenhashish.com/wp-content/uploads/2026/07/Golden-Head-Warriors-Hash2.webp,golden head warriors hash
frozenhashish:8335,1,https://frozenhashish.com/wp-content/uploads/2026/07/Ghost-Farm-Hash-.webp,ghost farm hash
frozenhashish:8335,2,https://frozenhashish.com/wp-content/uploads/2026/07/Ghost-Farm-Hash-2.webp,ghost farm hash 2
frozenhashish:8335,3,https://frozenhashish.com/wp-content/uploads/2026/07/Ghost-Farm-Hash-3.webp,ghost farm hash 3
frozenhashish:8020,1,https://frozenhashish.com/wp-content/uploads/2026/07/Bubble-hash-1-1.jpg,bubble hash 1 1.jpg
frozenhashish:8020,2,https://frozenhashish.com/wp-content/uploads/2026/07/Bubble-hash-.jpg,bubble hash .jpg
frozenhashish:8020,3,https://frozenhashish.com/wp-content/uploads/2026/07/Bubble-hash-2.jpg,bubble hash 2.jpg
frozenhashish:8009,1,https://frozenhashish.com/wp-content/uploads/2026/07/BROKER-FARM-HASH-1-1.webp,broker farm hash 1 1.webp
frozenhashish:8009,2,https://frozenhashish.com/wp-content/uploads/2026/07/BROKER-FARM-HASH-1-2.webp,broker farm hash 1 2.webp
frozenhashish:7993,1,https://frozenhashish.com/wp-content/uploads/2026/07/120u-Premium-Hash-1-1.jpg,120u premium hash 1 1.jpg
frozenhashish:7993,2,https://frozenhashish.com/wp-content/uploads/2026/07/120u-Premium-Hash-1.jpg,120u premium hash 1.jpg
frozenhashish:7927,1,https://frozenhashish.com/wp-content/uploads/2026/07/Sahas-Terps-Hash-Concentrate.jpg,sahas terps hash concentrate.jpg
frozenhashish:7927,2,https://frozenhashish.com/wp-content/uploads/2026/07/Sahas-Terps-Hash-Concentrate1.jpg,sahas terps hash concentrate1.jpg
frozenhashish:7922,1,https://frozenhashish.com/wp-content/uploads/2026/07/Illuminaty-Farmz-Hash-Concentrate-.jpg,illuminaty farmz hash concentrate .jpg
frozenhashish:7922,2,https://frozenhashish.com/wp-content/uploads/2026/07/Illuminaty-Farmz-Hash-Concentrate-1.jpg,illuminaty farmz hash concentrate 1.jpg
frozenhashish:7922,3,https://frozenhashish.com/wp-content/uploads/2026/07/Illuminaty-Farmz-Hash-Concentrate-3.jpg,illuminaty farmz hash concentrate 3.jpg
frozenhashish:7917,1,https://frozenhashish.com/wp-content/uploads/2026/07/Concrete-Farm-Hash-.jpg,concrete farm hash .jpg
frozenhashish:7917,2,https://frozenhashish.com/wp-content/uploads/2026/07/Concrete-Farm-Hash-2.jpg,concrete farm hash 2.jpg
frozenhashish:7917,3,https://frozenhashish.com/wp-content/uploads/2026/07/Concrete-Farm-Hash-1.jpg,concrete farm hash 1.jpg
frozenhashish:7900,1,https://frozenhashish.com/wp-content/uploads/2026/07/Cali-Plates-WPFF-Hash.jpg,cali plates wpff hash.jpg
frozenhashish:7900,2,https://frozenhashish.com/wp-content/uploads/2026/07/Cali-Plates-WPFF-Hash-1.jpg,cali plates wpff hash 1.jpg
frozenhashish:7812,1,https://frozenhashish.com/wp-content/uploads/2026/07/Coffee-Farms-Hash.webp,coffee farms hash
frozenhashish:7812,2,https://frozenhashish.com/wp-content/uploads/2026/07/Coffee-Farms-Hash2.webp,coffee farms hash
frozenhashish:7802,1,https://frozenhashish.com/wp-content/uploads/2026/07/Cali-Melts-Static-Sift-Hash2.webp,cali melts static sift hash2
frozenhashish:7802,2,https://frozenhashish.com/wp-content/uploads/2026/07/Cali-Melts-Static-Sift-Hash3.webp,cali melts static sift hash
frozenhashish:7637,1,https://frozenhashish.com/wp-content/uploads/2026/07/BiscottiBoys-SSH-Hash-Strain.webp,biscottiboys ssh hash strain
frozenhashish:7637,2,https://frozenhashish.com/wp-content/uploads/2026/07/BiscottiBoys-SSH-Hash-3.webp,BiscottiBoys SSH Hash
frozenhashish:7637,3,https://frozenhashish.com/wp-content/uploads/2026/07/BiscottiBoys-SSH-Hash-2.webp,BiscottiBoys SSH Hash
