source_id,source_url,name,price,compare_at_price,categories,image_url,concentration,form,storage_requirements
peptide:6b881e89152154d7daa6a3fd8ad6d806,https://limitlesslifenootropics.com/product/anti-wrinkle-research-formula/,Age Defying Wrinkle Reduction Cream,,,Dermatological Research|Formulas,https://cdn11.bigcommerce.com/s-abfevmkahe/images/stencil/500x250/products/159/1074/AGE_DEFYING_CREAM__55700.1763083617.png?c=1,,Lyophilized powder,Store according to the supplier documentation. Research use only.
peptide:bcfc671d917c066137daf010b8204496,https://limitlesslifenootropics.com/product/anti-wrinkle-research-serum/,Age Defying Wrinkle Reduction Serum,,,Dermatological Research|Formulas,https://cdn11.bigcommerce.com/s-abfevmkahe/images/stencil/500x250/products/165/1122/Serum__65114.1780323986.png?c=1,,Lyophilized powder,Store according to the supplier documentation. Research use only.
peptide:2b35d4f9791db0b1112547d006fc79c9,https://limitlesslifenootropics.com/product/ghk-basic/,GHK Basic 100mg,,,Dermatological Research|Tissue Regeneration Research,https://cdn11.bigcommerce.com/s-abfevmkahe/images/stencil/500x250/products/211/838/GHK_BASIC_100MG_.SINGLE.VIAL__32699.1762208592.png?c=1,100mg,Lyophilized powder,Store according to the supplier documentation. Research use only.
peptide:0b2f1daa0474622895690274f0f39cf5,https://limitlesslifenootropics.com/product/ghk-cu/,GHK-Cu (Copper Peptide),,,Dermatological Research,https://cdn11.bigcommerce.com/s-abfevmkahe/images/stencil/500x250/products/142/839/GHK-CU_100MG_.SINGLE.VIAL__54194.1762208846.png?c=1,,Lyophilized powder,Store according to the supplier documentation. Research use only.
peptide:da8ed89c1816e1771d4f71ae8925a6fa,https://limitlesslifenootropics.com/product/ghk-cu-capsules-2mg/,GHK-Cu Capsules,,,Dermatological Research|Peptide Capsules,https://cdn11.bigcommerce.com/s-abfevmkahe/images/stencil/500x250/products/233/897/GHK-CU_2MG_CAPSULES__28085.1762297853.png?c=1,,Capsules,Store according to the supplier documentation. Research use only.
peptide:b885d37da8fea194a0d2b44582949720,https://limitlesslifenootropics.com/product/ghk-cu-spray/,GHK-Cu Spray,,,Dermatological Research|Sprays,https://cdn11.bigcommerce.com/s-abfevmkahe/images/stencil/500x250/products/243/912/GHK-CU_100MG_SPRAY__15112.1762299691.png?c=1,,Lyophilized powder,Store according to the supplier documentation. Research use only.
peptide:a3a5201274f35b91a6a3ce0c9a527eab,https://limitlesslifenootropics.com/glow-blend/,Glow Blend,,,Dermatological Research|Musculoskeletal Research|Peptide Blends,https://cdn11.bigcommerce.com/s-abfevmkahe/images/stencil/500x250/products/488/1105/GLOWBLEND__03577.1769636044.png?c=1,,Lyophilized blend,Store according to the supplier documentation. Research use only.
peptide:f2ec51f4ae505aed137974e6aa653ef7,https://limitlesslifenootropics.com/glow-blend-spray/,Glow Blend Spray,,,Dermatological Research|Musculoskeletal Research|Peptide Blends,https://cdn11.bigcommerce.com/s-abfevmkahe/images/stencil/500x250/products/489/1108/GLOW_BLEND_SPRAY__39078.1770134309.png?c=1,,Lyophilized blend,Store according to the supplier documentation. Research use only.
peptide:4456d6cc37c101a269e6f0fce68867ae,https://limitlesslifenootropics.com/product/dsip-delta-sleep-inducing-peptide/,DSIP Delta Sleep-Inducing Peptide,,,Circadian Research|Cognitive Research,https://cdn11.bigcommerce.com/s-abfevmkahe/images/stencil/500x250/products/150/836/DSIP_5MG_.SINGLE.VIAL__49900.1762208512.png?c=1,,Lyophilized powder,Store according to the supplier documentation. Research use only.
peptide:183a238c0fc9e1f2ce071c4d4e079ab6,https://limitlesslifenootropics.com/product/dsip-spray/,DSIP Spray,,,Circadian Research|Sprays,https://cdn11.bigcommerce.com/s-abfevmkahe/images/stencil/500x250/products/239/910/DSIP_5MG_SPRAY__72017.1762299401.png?c=1,,Lyophilized powder,Store according to the supplier documentation. Research use only.
peptide:948c3097d1403855efddc3e40149960b,https://limitlesslifenootropics.com/product/orexin-a-nasal-spray-5mg/,Orexin A Spray,,,Circadian Research,https://cdn11.bigcommerce.com/s-abfevmkahe/images/stencil/500x250/products/143/925/OREXIN-A_5MG_SPRAY__25737.1762376179.png?c=1,,Lyophilized powder,Store according to the supplier documentation. Research use only.
peptide:330d944a575f4546fe0e1f86dcb4b47a,https://limitlesslifenootropics.com/product/bpc-157/,BPC-157,,,Gastrointestinal Research|Musculoskeletal Research|Tissue Regeneration Research|Cardiovascular Research|Peptides,https://cdn11.bigcommerce.com/s-abfevmkahe/images/stencil/500x250/products/217/824/BPC-157_10MG_.SINGLE.VIAL__08417.1780584885.png?c=1,,Lyophilized powder,Store according to the supplier documentation. Research use only.
peptide:143dc4c8629f6863901db690ca2c70cb,https://limitlesslifenootropics.com/product/bpc-157-capsules-250mcg-per-capsule-60-capsules/,BPC-157 Capsules,,,Gastrointestinal Research|Musculoskeletal Research|Tissue Regeneration Research|Cardiovascular Research|Peptide Capsules,https://cdn11.bigcommerce.com/s-abfevmkahe/images/stencil/500x250/products/166/940/BPC157_CAPSULES__12565.1762395691.png?c=1,,Capsules,Store according to the supplier documentation. Research use only.
peptide:dc9bb3ab57a1b272c843355535f38713,https://limitlesslifenootropics.com/product/gastro-inflammation-research-formula-60-capsules/,"Gastro Inflammation Research Formula (BPC-157, KPV, N-Acetyl Larazotide)",,,Gastrointestinal Research|Peptide Capsules,https://cdn11.bigcommerce.com/s-abfevmkahe/images/stencil/500x250/products/163/896/GASTRO_INFLAMATION_CAPSULES__30286.1762297761.png?c=1,,Lyophilized powder,Store according to the supplier documentation. Research use only.
peptide:6903f8cfcf218d8ae4bb1cea9c3e6664,https://limitlesslifenootropics.com/product/kpv/,KPV,,,Gastrointestinal Research|Immune Research,https://cdn11.bigcommerce.com/s-abfevmkahe/images/stencil/500x250/products/189/845/KPV_5MG_.SINGLE.VIAL__45257.1762209520.png?c=1,,Lyophilized powder,Store according to the supplier documentation. Research use only.
peptide:4b18a51ab9efa1a7037a5afc844c9320,https://limitlesslifenootropics.com/product/kpv-250mcg-capsules-60/,KPV Capsules,,,Gastrointestinal Research|Immune Research|Peptide Capsules,https://cdn11.bigcommerce.com/s-abfevmkahe/images/stencil/500x250/products/162/899/KPV_250MCG_CAPSULES__34371.1762297975.png?c=1,,Capsules,Store according to the supplier documentation. Research use only.
peptide:49f23c8784142c4b4c9f920199db4bc2,https://limitlesslifenootropics.com/product/ll-37-antimicrobial-peptide/,LL-37,,,Gastrointestinal Research|Immune Research,https://cdn11.bigcommerce.com/s-abfevmkahe/images/stencil/500x250/products/267/849/ll-37_5MG_.SINGLE.VIAL__77404.1762231112.png?c=1,,Lyophilized powder,Store according to the supplier documentation. Research use only.
peptide:d1c4e78f1cdff59fa8f1e6d029f7292c,https://limitlesslifenootropics.com/product/n-acetyl-larazotide,N-Acetyl Larazotide 250mcg (60 Capsules),,,Gastrointestinal Research|Metabolic Research|Peptide Capsules,https://cdn11.bigcommerce.com/s-abfevmkahe/images/stencil/500x250/products/170/901/N-ACETYL_LARAZOTIDE_250MCG_CAPSULES__60679.1762298143.png?c=1,250mcg,Capsules,Store according to the supplier documentation. Research use only.
peptide:fd8904ffdda1930fe59a7a968c3bd489,https://limitlesslifenootropics.com/product/ipamorelin-cjc-1295-no-dac/,CJC-1295 + Ipamorelin Blend,,,Hormonal Research|Tissue Regeneration Research|Metabolic Research|Peptide Blends,https://cdn11.bigcommerce.com/s-abfevmkahe/images/stencil/500x250/products/191/832/CJC-1295-IPAMORELIN_12-6MG_.SINGLE.VIAL__49839.1761892586.png?c=1,,Lyophilized blend,Store according to the supplier documentation. Research use only.
peptide:ed914d749aa9e84b51fe0a31c714791c,https://limitlesslifenootropics.com/product/cjc-1295-no-dac-mod-grf-1-29/,CJC-1295 no DAC (Mod GRF 1-29),,,Hormonal Research|Tissue Regeneration Research|Metabolic Research,https://cdn11.bigcommerce.com/s-abfevmkahe/images/stencil/500x250/products/204/830/CJC-1295_5MG_.SINGLE.VIAL__18677.1761892161.png?c=1,,Lyophilized powder,Store according to the supplier documentation. Research use only.
peptide:16584a247ec0bb0e0b5b3a1a5a38eba8,https://limitlesslifenootropics.com/product/ipamorelin/,Ipamorelin,,,Hormonal Research|Metabolic Research,https://cdn11.bigcommerce.com/s-abfevmkahe/images/stencil/500x250/products/216/843/IPAMORELIN_10MG_.SINGLE.VIAL__95527.1762209355.png?c=1,,Lyophilized powder,Store according to the supplier documentation. Research use only.
peptide:8eca7869037dec1994f4c29e052fad33,https://limitlesslifenootropics.com/product/kisspeptin-10/,Kisspeptin-10,,,Hormonal Research|Reproductive Health Research,https://cdn11.bigcommerce.com/s-abfevmkahe/images/stencil/500x250/products/334/844/KISSPEPTIN_5MG_.SINGLE.VIAL__40596.1762209455.png?c=1,,Lyophilized powder,Store according to the supplier documentation. Research use only.
peptide:20d563ff5b54945d9a67f5569239d284,https://limitlesslifenootropics.com/product/oxytocin/,Oxytocin,,,Hormonal Research|Reproductive Health Research,https://cdn11.bigcommerce.com/s-abfevmkahe/images/stencil/500x250/products/244/866/OXYTOCIN_5MG_.SINGLE.VIAL__78199.1762234946.png?c=1,,Lyophilized powder,Store according to the supplier documentation. Research use only.
peptide:f3f03040066626b201f5b26510319158,https://limitlesslifenootropics.com/product/oxytocin-sprayer/,Oxytocin Spray,,,Hormonal Research|Reproductive Health Research,https://cdn11.bigcommerce.com/s-abfevmkahe/images/stencil/500x250/products/173/927/OXYTOCIN_5MG_SPRAY__84663.1762376268.png?c=1,,Lyophilized powder,Store according to the supplier documentation. Research use only.
peptide:74402df6e8d150af32765190d065fb35,https://limitlesslifenootropics.com/product/5-amino-1mq-50mg-capsules-60/,5-Amino-1MQ Capsules,,,Mitochondrial Research|Metabolic Research|Peptides|Peptide Capsules,https://cdn11.bigcommerce.com/s-abfevmkahe/images/stencil/500x250/products/164/895/5-AMINO_1MQ_CAPSULES__20439.1762297599.png?c=1,,Capsules,Store according to the supplier documentation. Research use only.
peptide:bfda2ee66698876bb8089f237dacd080,https://limitlesslifenootropics.com/product/5-amino-1mq/,5-Amino-1MQ Powder,,,Mitochondrial Research|Metabolic Research|Peptides|Powders,https://cdn11.bigcommerce.com/s-abfevmkahe/images/stencil/500x250/products/155/1075/5-AMINO-1MQ_9G_POWDER__77903.1763083741.png?c=1,,Lyophilized powder,Store according to the supplier documentation. Research use only.
peptide:4a2d23fd183eb9e415ef386da86ef741,https://limitlesslifenootropics.com/product/humanin-5mg/,Humanin,,,Mitochondrial Research,https://cdn11.bigcommerce.com/s-abfevmkahe/images/stencil/500x250/products/147/841/HUMANIN_5MG_.SINGLE.VIAL_1__88705.1762208963.png?c=1,,Lyophilized powder,Store according to the supplier documentation. Research use only.
peptide:634736f953a155e2b625341f474a5f4e,https://limitlesslifenootropics.com/product/mots-c/,MOTS-C,,,Mitochondrial Research|Metabolic Research,https://cdn11.bigcommerce.com/s-abfevmkahe/images/stencil/500x250/products/187/851/MOTS-C_5MG_.SINGLE.VIAL__16835.1762231455.png?c=1,,Lyophilized powder,Store according to the supplier documentation. Research use only.
peptide:abcc94b4d8f6a0721a3dff814dc4249b,https://limitlesslifenootropics.com/product/mots-c-5mg-humanin-5mg/,MOTS-C/Humanin (Blend),,,Mitochondrial Research|Metabolic Research|Peptide Blends,https://cdn11.bigcommerce.com/s-abfevmkahe/images/stencil/500x250/products/154/1076/MOTS-C_HUMANIN_BLEND_5.5MG_.SINGLE.VIAL__10669.1767127055.png?c=1,,Lyophilized blend,Store according to the supplier documentation. Research use only.
peptide:324da2d7bc362a83000759a3863c15df,https://limitlesslifenootropics.com/product/slu-pp-332-250mcg-60-capsules/,SLU-PP-332,,,Mitochondrial Research|Cardiovascular Research|Peptide Capsules,https://cdn11.bigcommerce.com/s-abfevmkahe/images/stencil/500x250/products/336/902/SLU-PP-332_250MCG_CAPSULES__98612.1773420535.png?c=1,,Lyophilized powder,Store according to the supplier documentation. Research use only.
peptide:c568ec6f1b1477f5f2b9bb5b97ce5d8f,https://limitlesslifenootropics.com/product/bpc-157-acetate/,BPC-157 Acetate,,,Musculoskeletal Research|Tissue Regeneration Research|Cardiovascular Research|Peptides,https://cdn11.bigcommerce.com/s-abfevmkahe/images/stencil/500x250/products/184/825/BPC-157_ACETATE_10MG_.SINGLE.VIAL__44780.1763488483.png?c=1,,Lyophilized powder,Store according to the supplier documentation. Research use only.
peptide:beb28130eb2a8493d7530d6f0e26c236,https://limitlesslifenootropics.com/bpc-157-acetate-tb-500-fragment-17-23-blend-spray/,BPC-157 Acetate + TB-500 Fragment 17-23 Blend Spray,,,Musculoskeletal Research|Tissue Regeneration Research|Peptides|Peptide Blends|Sprays,https://cdn11.bigcommerce.com/s-abfevmkahe/images/stencil/500x250/products/481/1092/BPC-157_ACETATE_1OMG-TB_FRAG_17-23_25MG_SPRAY__00188.1763587968.png?c=1,,Lyophilized blend,Store according to the supplier documentation. Research use only.
peptide:7b9306b4ca6105b3aecd0ef2d61b0313,https://limitlesslifenootropics.com/product/bpc-157-acetate-spray/,BPC-157 Acetate Spray,,,Musculoskeletal Research|Tissue Regeneration Research|Cardiovascular Research|Peptides|Sprays,https://cdn11.bigcommerce.com/s-abfevmkahe/images/stencil/500x250/products/281/909/BPC-157_ACETATE_1OMG_SPRAY__86576.1762299253.png?c=1,,Lyophilized powder,Store according to the supplier documentation. Research use only.
peptide:bfd8a6099ac1583b72e4fd3b4f30cd9e,https://limitlesslifenootropics.com/product/bpc-157-spray/,BPC-157 Spray,,,Musculoskeletal Research|Tissue Regeneration Research|Cardiovascular Research|Sprays,https://cdn11.bigcommerce.com/s-abfevmkahe/images/stencil/500x250/products/282/907/BPC-157_6MG_SPRAY__56988.1762299147.png?c=1,,Lyophilized powder,Store according to the supplier documentation. Research use only.
peptide:9f508d25e2a5fbb518c5f9272b75d2ea,https://limitlesslifenootropics.com/product/tb-500/,TB-500 (Thymosin Beta-4),,,Musculoskeletal Research|Cardiovascular Research,https://cdn11.bigcommerce.com/s-abfevmkahe/images/stencil/500x250/products/186/892/THYMOSIN_BETA_4_TB-500_5MG.SINGLE.VIAL__76592.1762297179.png?c=1,,Lyophilized powder,Store according to the supplier documentation. Research use only.
peptide:a7465b8cf192bdef90657bc3aaab3938,https://limitlesslifenootropics.com/product/tb-500-1-4/,TB-500 Thymosin Beta-4 Fragment 1-4,,,Musculoskeletal Research|Cardiovascular Research,https://cdn11.bigcommerce.com/s-abfevmkahe/images/stencil/500x250/products/235/888/THYMOSIN_BETA_4_FRAG_1-4_5MG.SINGLE.VIAL__04201.1765127649.png?c=1,,Lyophilized powder,Store according to the supplier documentation. Research use only.
peptide:985c5b8d19a1daac840a78ba59618cc3,https://limitlesslifenootropics.com/product/tb-500-17-23/,TB-500 Thymosin Beta-4 Fragment 17-23,,,Musculoskeletal Research|Cardiovascular Research,https://cdn11.bigcommerce.com/s-abfevmkahe/images/stencil/500x250/products/206/889/THYMOSIN_BETA_4_FRAG_17-23_5MG.SINGLE.VIAL__46096.1765128152.png?c=1,,Lyophilized powder,Store according to the supplier documentation. Research use only.
peptide:f3460c4ebf98d8937eeec99590571af5,https://limitlesslifenootropics.com/thymosin-beta-4-fragment-1-4-60-capsules/,Thymosin Beta 4 (Fragment 1-4) (60 Capsules),,,Musculoskeletal Research|Cardiovascular Research|Peptide Capsules,https://cdn11.bigcommerce.com/s-abfevmkahe/images/stencil/500x250/products/487/1102/THYMOSIN_BETA_4_FRAGMENT_1-4_CAPSULES__37824.1767125888.png?c=1,,Capsules,Store according to the supplier documentation. Research use only.
peptide:165004c6fd6b2878c3a4be6fb073817a,https://limitlesslifenootropics.com/product/actogenix-5ml-40mg-ml-200mg/,Actogenix 5mL 40mg/mL (200mg),,,Tissue Regeneration Research|Cellular Longevity Research|Ampoules,https://cdn11.bigcommerce.com/s-abfevmkahe/images/stencil/500x250/products/182/1126/actogenix_200mg__77080.1781186483.png?c=1,5mL,Lyophilized powder,Store according to the supplier documentation. Research use only.
peptide:9b98fe2e30d0e5fc2f3602d84af7bc0c,https://limitlesslifenootropics.com/product/ara-290/,ARA-290,,,Tissue Regeneration Research|Peptides,https://cdn11.bigcommerce.com/s-abfevmkahe/images/stencil/500x250/products/205/820/ARA-290_8MG_.SINGLE.VIAL__29851.1761890848.png?c=1,,Lyophilized powder,Store according to the supplier documentation. Research use only.
peptide:9c5c7870c64ba1fe834a63891034b9f4,https://limitlesslifenootropics.com/product/cardio-cytogen-20mg/,CardioCytogen 20mg,,,Tissue Regeneration Research|Cardiovascular Research|Bioregulators,https://cdn11.bigcommerce.com/s-abfevmkahe/images/stencil/500x250/products/246/828/CARDIOCYTOGEN_20MG_.SINGLE.VIAL__19248.1761892046.png?c=1,20mg,Lyophilized powder,Store according to the supplier documentation. Research use only.
peptide:b04fcf1a3af6dd398476e5a723d6a0b9,https://limitlesslifenootropics.com/product/foxo4-dri-10mg/,FOXO4-DRI 10mg,,,Cellular Longevity Research,https://cdn11.bigcommerce.com/s-abfevmkahe/images/stencil/500x250/products/172/1072/FOX04-DRI_10MG_.SINGLE.VIAL__46083.1763083555.png?c=1,10mg,Lyophilized powder,Store according to the supplier documentation. Research use only.
peptide:8ad7d831061847eb1f4cbc93aa836b51,https://limitlesslifenootropics.com/product/l-glutathione-500mg/,L-Glutathione (500mg),,,Cellular Longevity Research,https://cdn11.bigcommerce.com/s-abfevmkahe/images/stencil/500x250/products/153/848/L-GLUTATHIONE_500MG_.SINGLE.VIAL__36564.1762231052.png?c=1,500mg,Lyophilized powder,Store according to the supplier documentation. Research use only.
peptide:5dcc8088c5f5f41af7514c3bebca8f82,https://limitlesslifenootropics.com/product/nmn-powder/,NMN Powder,,,Cellular Longevity Research|Powders,https://cdn11.bigcommerce.com/s-abfevmkahe/images/stencil/500x250/products/215/1065/NMN_POWDER_100G__47981.1765122661.png?c=1,,Lyophilized powder,Store according to the supplier documentation. Research use only.
peptide:afc28b7c4a5463bb1b807c27514fe8be,https://limitlesslifenootropics.com/product/pnc-27/,PNC-27,,,Cellular Longevity Research|Immune Research,https://cdn11.bigcommerce.com/s-abfevmkahe/images/stencil/500x250/products/210/868/PNC_27_5MG_.SINGLE.VIAL__94447.1762237396.png?c=1,,Lyophilized powder,Store according to the supplier documentation. Research use only.
peptide:4a1af8e186396616676c89e302f75b55,https://limitlesslifenootropics.com/product/pnc-28-peptide-5mg-vial/,PNC-28,,,Cellular Longevity Research|Immune Research,https://cdn11.bigcommerce.com/s-abfevmkahe/images/stencil/500x250/products/240/867/PNC_28_5MG_.SINGLE.VIAL__81923.1762237353.png?c=1,,Lyophilized powder,Store according to the supplier documentation. Research use only.
peptide:6f8d5fd8d66efd40b44aae98b26431f6,https://limitlesslifenootropics.com/product/spermidine-3hcl-15ml-solution-90mg/,Spermidine 3HCL (15ml Solution),,,Cellular Longevity Research,https://cdn11.bigcommerce.com/s-abfevmkahe/images/stencil/500x250/products/152/1088/SPERMIDINE__69625.1765127092.png?c=1,15ml,Lyophilized powder,Store according to the supplier documentation. Research use only.
peptide:59a2d800844380266f48d51908d3b941,https://limitlesslifenootropics.com/product/thymulin-10mg/,Thymulin 10mg,,,Cellular Longevity Research,https://cdn11.bigcommerce.com/s-abfevmkahe/images/stencil/500x250/products/175/1097/THYMULIN_10MG_.SINGLE.VIAL__09438.1765129877.png?c=1,10mg,Lyophilized powder,Store according to the supplier documentation. Research use only.
peptide:0c02a9e65037e04ce6c036b5db19b2de,https://limitlesslifenootropics.com/product/9-me-bc/,9-Me-BC Powder,,,Cognitive Research|Peptides|Powders,https://cdn11.bigcommerce.com/s-abfevmkahe/images/stencil/500x250/products/198/1068/9-ME-BC_POWDER_1G__59862.1763083433.png?c=1,,Lyophilized powder,Store according to the supplier documentation. Research use only.
peptide:7a76d41ed108dd20e3b0c67ad5481a74,https://limitlesslifenootropics.com/product/adalank-nootropic-peptide-nasal-spray-10ml-10mg/,Adalank Peptide Spray,,,Cognitive Research|Peptides|Sprays,https://cdn11.bigcommerce.com/s-abfevmkahe/images/stencil/500x250/products/275/906/ADALANK_10MG_SPRAY__36472.1762298999.png?c=1,,Lyophilized powder,Store according to the supplier documentation. Research use only.
peptide:66f0fc8f8703bf51d0e18b70f14e69dc,https://limitlesslifenootropics.com/product/adamax-adalank-spray-combo-pack-10mg-10mg/,Adamax / Adalank Spray Combo Pack (10mg/10mg),,,Cognitive Research|Peptides|Peptide Blends|Sprays,https://cdn11.bigcommerce.com/s-abfevmkahe/images/stencil/500x250/products/276/905/ADAMAX_ADALANK_COMBO_PACK_10MG_SPRAY__28038.1762298928.png?c=1,10mg,Lyophilized powder,Store according to the supplier documentation. Research use only.
peptide:246533ecb3ee490b5da4113b4d0d224a,https://limitlesslifenootropics.com/product/adamax-99-nasal-spray-10-mg/,Adamax Peptide Spray,,,Cognitive Research|Peptides|Sprays,https://cdn11.bigcommerce.com/s-abfevmkahe/images/stencil/500x250/products/171/911/ADAMAX_10MG_SPRAY__66341.1762299480.png?c=1,,Lyophilized powder,Store according to the supplier documentation. Research use only.
peptide:01e2292e020d97181af65b6c246535be,https://limitlesslifenootropics.com/bromantane-powder/,Bromantane Powder,,,Cognitive Research|Powders,https://cdn11.bigcommerce.com/s-abfevmkahe/images/stencil/500x250/products/491/1120/BROMANTANE_POWDER__53095.1777055064.png?c=1,,Lyophilized powder,Store according to the supplier documentation. Research use only.
peptide:3c9fbf66d995870dc5a7b9deaf371807,https://limitlesslifenootropics.com/product/cerebroneurogen/,CerebroNeurogen,,,Cognitive Research|Ampoules,https://cdn11.bigcommerce.com/s-abfevmkahe/images/stencil/500x250/products/174/1071/CEREBONUROGEN___63150.1763083526.png?c=1,,Lyophilized powder,Store according to the supplier documentation. Research use only.
peptide:f4d13bced6c276e8d2cc5ef08e947ba5,https://limitlesslifenootropics.com/product/cortexin-10mg/,Cortexin 10mg,,,Cognitive Research,https://cdn11.bigcommerce.com/s-abfevmkahe/images/stencil/500x250/products/176/834/CORTEXIN_5MG_.SINGLE.VIAL__07908.1762208127.png?c=1,10mg,Lyophilized powder,Store according to the supplier documentation. Research use only.
peptide:949745716a00a35e063cac7e945fd4db,https://limitlesslifenootropics.com/product/mif-1/,MIF-1,,,Cognitive Research,https://cdn11.bigcommerce.com/s-abfevmkahe/images/stencil/500x250/products/209/1066/MIF-1_50MG_.SINGLE.VIAL__36500.1763083297.png?c=1,,Lyophilized powder,Store according to the supplier documentation. Research use only.
peptide:91e66589e58c13eb6c352dcd07ac1050,https://limitlesslifenootropics.com/product/n-acetyl-selank/,N-Acetyl Selank,,,Cognitive Research,https://cdn11.bigcommerce.com/s-abfevmkahe/images/stencil/500x250/products/261/853/N-ACETYL_SELANK_20MG_.SINGLE.VIAL__87101.1762232441.png?c=1,,Lyophilized powder,Store according to the supplier documentation. Research use only.
peptide:671bf1a6d25c5c14548378ad87b8290d,https://limitlesslifenootropics.com/product/n-acetyl-selank-amidate-30mg/,N-Acetyl Selank Amidate,,,Cognitive Research,https://cdn11.bigcommerce.com/s-abfevmkahe/images/stencil/500x250/products/260/856/N-ACETYL_SELANK_AMIDATE_20MG_.SINGLE.VIA__55874.1762232620.png?c=1,,Lyophilized powder,Store according to the supplier documentation. Research use only.
peptide:97dd4b71393a27c63f9a12509d034b2d,https://limitlesslifenootropics.com/product/n-acetyl-selank-amidate-10ml/,N-Acetyl Selank Amidate Spray,,,Cognitive Research|Sprays,https://cdn11.bigcommerce.com/s-abfevmkahe/images/stencil/500x250/products/199/921/N-ACETYL_SELANK_AMIDATE_20MG_SPRAY__94806.1762375946.png?c=1,,Lyophilized powder,Store according to the supplier documentation. Research use only.
peptide:3dee8d2925464704ba463206377953a4,https://limitlesslifenootropics.com/product/ta1-rgdr-us-10mg/,Thymosin Alpha 1 RGDR,,,Immune Research,https://cdn11.bigcommerce.com/s-abfevmkahe/images/stencil/500x250/products/245/886/THYMOSIN_ALPHA_1_RGDR_10MG.SINGLE.VIAL__33340.1762296488.png?c=1,,Lyophilized powder,Store according to the supplier documentation. Research use only.
peptide:d0a9c6f3aea9196801297fe6dc630db7,https://limitlesslifenootropics.com/product/thymosin-alpha-1/,Thymosin Alpha-1,,,Immune Research,https://cdn11.bigcommerce.com/s-abfevmkahe/images/stencil/500x250/products/185/885/THYMOSIN_ALPHA_1_10MG.SINGLE.VIAL__29102.1762296430.png?c=1,,Lyophilized powder,Store according to the supplier documentation. Research use only.
peptide:6fcc164179ecb9fcf7bca1aefe332c67,https://limitlesslifenootropics.com/product/vip/,VIP,,,Immune Research,https://cdn11.bigcommerce.com/s-abfevmkahe/images/stencil/500x250/products/208/893/VIP.SINGLE.VIAL__77477.1762297282.png?c=1,,Lyophilized powder,Store according to the supplier documentation. Research use only.
peptide:6cab9767025d577d54ebccbb4c729af4,https://limitlesslifenootropics.com/product/vip-spray/,VIP Spray,,,Immune Research,https://cdn11.bigcommerce.com/s-abfevmkahe/images/stencil/500x250/products/259/932/VIP_SPRAY_50MCG__99654.1762376638.png?c=1,,Lyophilized powder,Store according to the supplier documentation. Research use only.
peptide:4734ff8bba7902cb9a41bc2f9faefdff,https://limitlesslifenootropics.com/product/aod-9604/,AOD 9604,,,Metabolic Research|Peptides,https://cdn11.bigcommerce.com/s-abfevmkahe/images/stencil/500x250/products/188/822/AOD-9604_5MG_.SINGLE.VIAL__59723.1761890890.png?c=1,,Lyophilized powder,Store according to the supplier documentation. Research use only.
peptide:433d508adc425786ecee15cf2f8247f1,https://limitlesslifenootropics.com/mk-777-acetamoren-powder/,MK-777 (Acetamoren) Powder,,,Metabolic Research|Powders,https://cdn11.bigcommerce.com/s-abfevmkahe/images/stencil/500x250/products/490/1110/MK-777_POWDER__99906.1771620860.png?c=1,,Lyophilized powder,Store according to the supplier documentation. Research use only.
peptide:9fb1416392a79b030fcf1105288021ae,https://limitlesslifenootropics.com/product/mk-677-12-5mg-60-capsules/,"MK-777 (Acetamoren), 60 Capsules",,,Metabolic Research|Peptide Capsules,https://cdn11.bigcommerce.com/s-abfevmkahe/images/stencil/500x250/products/335/1087/MK-777_12.5MG_CAPSULES__33297.1763583879.png?c=1,,Capsules,Store according to the supplier documentation. Research use only.
peptide:419a997d88b03fcbe9b28bc51166d043,https://limitlesslifenootropics.com/product/sermorelin/,Sermorelin,,,Metabolic Research,https://cdn11.bigcommerce.com/s-abfevmkahe/images/stencil/500x250/products/280/876/SERMORELIN_5MG.SINGLE.VIAL__18895.1762239250.png?c=1,,Lyophilized powder,Store according to the supplier documentation. Research use only.
peptide:c90523a0c46a7ce17ec81616da784107,https://limitlesslifenootropics.com/product/healing-and-repair-research-blend-60-capsules/,"Healing and Repair Research Blend (BPC-157, TB4 Frag 1-4, GHK-Cu)",,,Peptide Capsules,https://cdn11.bigcommerce.com/s-abfevmkahe/images/stencil/500x250/products/227/898/HEALING_AND_REPAIR_BELND_CAPSULES__16745.1764600601.png?c=1,,Lyophilized blend,Store according to the supplier documentation. Research use only.
peptide:d896f7370e804b62742654a06e4fef2e,https://limitlesslifenootropics.com/product/n-acetyl-semax-amidate-30mg-n-acetyl-selank-amidate-30mg-blend/,N-Acetyl Semax Amidate / N-Acetyl Selank Amidate Blend Sprayer,,,Peptide Blends|Sprays,https://cdn11.bigcommerce.com/s-abfevmkahe/images/stencil/500x250/products/161/1073/N-ACETYL_SELANK_AMIDATE_N-ACETYL_SEMAX_AMIDATE_BLEND_30MG_SPRAY__12160.1763083580.png?c=1,,Lyophilized blend,Store according to the supplier documentation. Research use only.
peptide:855bf66b73b6c8b6dddbd152242e43a6,https://limitlesslifenootropics.com/product/bronchogen-20mg/,Bronchogen Peptide 20mg,,,Bioregulators,https://cdn11.bigcommerce.com/s-abfevmkahe/images/stencil/500x250/products/356/933/BRONCHOGEN_20MG_.SINGLE.VIAL__95328.1762390154.png?c=1,20mg,Lyophilized powder,Store according to the supplier documentation. Research use only.
peptide:65405f6018c25c50317fd33e1b841bb3,https://limitlesslifenootropics.com/product/livagen/,Livagen Peptide,,,Bioregulators,https://cdn11.bigcommerce.com/s-abfevmkahe/images/stencil/500x250/products/352/936/LIVAGEN_20MG_.SINGLE.VIAL__02189.1762390273.png?c=1,,Lyophilized powder,Store according to the supplier documentation. Research use only.
peptide:23ff0e188a3b7329d6693128958ca0d2,https://limitlesslifenootropics.com/product/pancragen-peptide-lys-glu-asp-trp-20mg/,Pancragen Peptide,,,Bioregulators,https://cdn11.bigcommerce.com/s-abfevmkahe/images/stencil/500x250/products/353/935/PANCRAGEN_20MG_.SINGLE.VIAL__49694.1762390222.png?c=1,,Lyophilized powder,Store according to the supplier documentation. Research use only.
peptide:1eb8228a30ca3b2b93ecdc49a66d5bb4,https://limitlesslifenootropics.com/product/prostamax-20mg/,Prostamax,,,Bioregulators,https://cdn11.bigcommerce.com/s-abfevmkahe/images/stencil/500x250/products/354/934/PROSTAMAX_20MG_.SINGLE.VIAL__80745.1762390192.png?c=1,,Lyophilized powder,Store according to the supplier documentation. Research use only.
peptide:2ed720ac1d6a2d075e96c414c7966f83,https://limitlesslifenootropics.com/product/testagen/,Testagen,,,Bioregulators,https://cdn11.bigcommerce.com/s-abfevmkahe/images/stencil/500x250/products/351/937/TESTAGEN_20MG_.SINGLE.VIAL__81641.1762390319.png?c=1,,Lyophilized powder,Store according to the supplier documentation. Research use only.
peptide:85a607dad69dd9d602985293677f7e6a,https://limitlesslifenootropics.com/product/salidroside/,Salidroside,,,Powders,https://cdn11.bigcommerce.com/s-abfevmkahe/images/stencil/500x250/products/220/1064/SYNTHETIC_SALIDROSIDE_POWDER_6MG__08064.1763083135.png?c=1,,Lyophilized powder,Store according to the supplier documentation. Research use only.
peptide:2a92756169dc1505364e6126611078dc,https://limitlesslifenootropics.com/product/sprayer/,10ML Sprayer with Sterile Water,,,Sprays|Add-On,https://cdn11.bigcommerce.com/s-abfevmkahe/images/stencil/500x250/products/169/1113/Untitled_design_2__31963.1774457822.png?c=1,10ML,Lyophilized powder,Store according to the supplier documentation. Research use only.
peptide:6967b03335a6e9ba4c308348c27d6e9f,https://limitlesslifenootropics.com/product/n-acetyl-selank-nasal-spray-10ml/,N-Acetyl Selank Spray,,,Sprays,https://cdn11.bigcommerce.com/s-abfevmkahe/images/stencil/500x250/products/140/919/N-ACETYL_SELANK_30MG_SPRAY__55761.1767996777.png?c=1,,Lyophilized powder,Store according to the supplier documentation. Research use only.
peptide:6e846ccdaf64753b1d1e3c8e144b2e7f,https://limitlesslifenootropics.com/l-glutathione-reconstitution-solution-7ml/,L-Glutathione Reconstitution Solution (7ML),,,Add-On|Solutions,https://cdn11.bigcommerce.com/s-abfevmkahe/images/stencil/500x250/products/359/847/L-GLUTA_RECONSTITUTION_SOLUTION_10ML_.SINGLE.VIAL__45506.1762209669.png?c=1,7ML,Lyophilized powder,Store according to the supplier documentation. Research use only.
peptide:696d70cbe15c73bc766706ca52506947,https://limitlesslifenootropics.com/phosphate-buffered-solution/,Phosphate Buffered Solution,,,Add-On|Solutions,https://cdn11.bigcommerce.com/s-abfevmkahe/images/stencil/500x250/products/358/819/PHOSPHATE_BUFFERED_RECONSTITUTION_SOLUTION_10ML_.SINGLE.VIAL__66129.1761889460.png?c=1,,Lyophilized powder,Store according to the supplier documentation. Research use only.
peptide:59da226d06b80b0102991f4764d08e50,https://limitlesslifenootropics.com/product/reconstitution-solution-30-ml/,Reconstitution Solution,,,Add-On|Solutions,https://cdn11.bigcommerce.com/s-abfevmkahe/images/stencil/500x250/products/149/870/RECONSTITUTION_SOLUTION_10ML_.SINGLE.VIAL__26681.1762237721.png?c=1,,Lyophilized powder,Store according to the supplier documentation. Research use only.
peptide:7a7f1410a0453b45676ef470a7f3ffe2,https://limitlesslifenootropics.com/product/empty-vial/,Sterile Vial (10 mL),,,Add-On,https://cdn11.bigcommerce.com/s-abfevmkahe/images/stencil/500x250/products/168/880/STERILE_VIAL_.SINGLE.VIAL__98456.1762239614.png?c=1,10mL,Lyophilized powder,Store according to the supplier documentation. Research use only.
peptide:be5fb5789fc9ba9b59c1cf5210e40579,https://limitlesslifenootropics.com/product/acetic-acid-reconstitution-solution/,0.5% Acetic Acid Reconstitution Solution,,,Solutions,https://cdn11.bigcommerce.com/s-abfevmkahe/images/stencil/500x250/products/361/941/ACETIC_ACID_RECONSTITUTION_SOLUTION_10ML___21443.1762923991.jpg?c=1,,Lyophilized powder,Store according to the supplier documentation. Research use only.
