collection_handle,product_id
most-popular,9realms:9366431859025
most-popular,9realms:9804786008401
most-popular,9realms:9729472135505
most-popular,9realms:9400720490833
most-popular,9realms:8879704375633
most-popular,9realms:8879710732625
most-popular,9realms:9729511063889
most-popular,9realms:10231936123217
most-popular,9realms:9981068673361
most-popular,9realms:9312086982993
most-popular,9realms:8879705162065
cbd-bundles,9realms:10050377908561
cbd-bundles,9realms:10050383315281
cbd-bundles,9realms:10050379022673
cbd-bundles,9realms:10050378662225
cbd-bundles,9realms:10050380857681
cbd-bundles,9realms:10050378531153
thc-flower,9realms:10050383315281
thc-flower,9realms:9400720490833
thc-flower,9realms:8879706669393
thc-flower,9realms:8879704375633
thc-flower,9realms:8879710732625
thc-flower,9realms:10231936123217
thc-flower,9realms:9981068673361
thc-flower,9realms:8879705162065
thc-joints-buy,9realms:9729472135505
thc-joints-buy,9realms:9729466007889
thc-joints-buy,9realms:10050380857681
thc-joints-buy,9realms:9729511063889
diffusers,9realms:9366431859025
diffusers,9realms:9366470492497
diffusers,9realms:9882885816657
buy-hash,9realms:10605691830609
buy-hash,9realms:10605644382545
buy-hash,9realms:10605489193297
gummies,9realms:9804786008401
gummies,9realms:10050379022673
gummies,9realms:9804779585873
gummies,9realms:9804806226257
gummies,9realms:9312086982993
light,9realms:10050378662225
light,9realms:9366470492497
light,9realms:9804779585873
light,9realms:9729466007889
light,9realms:9981068673361
light,9realms:10605489193297
classic,9realms:10050377908561
classic,9realms:9366431859025
classic,9realms:9804786008401
classic,9realms:9729472135505
classic,9realms:10605644382545
classic,9realms:9400720490833
classic,9realms:8879706669393
classic,9realms:8879710732625
classic,9realms:10231936123217
pro,9realms:10605691830609
pro,9realms:8879704375633
pro,9realms:10050378531153
pro,9realms:9882885816657
pro,9realms:9804806226257
pro,9realms:9729511063889
pro,9realms:8879705162065
buy-t9hc,9realms:10605691830609
buy-t9hc,9realms:9366431859025
buy-t9hc,9realms:9804786008401
buy-t9hc,9realms:9729472135505
buy-t9hc,9realms:10605644382545
buy-t9hc,9realms:10050383315281
buy-t9hc,9realms:9400720490833
buy-t9hc,9realms:8879706669393
buy-t9hc,9realms:8879704375633
buy-t9hc,9realms:9366470492497
buy-t9hc,9realms:9804779585873
buy-t9hc,9realms:9729466007889
buy-t9hc,9realms:8879710732625
buy-t9hc,9realms:9882885816657
buy-t9hc,9realms:9804806226257
buy-t9hc,9realms:9729511063889
buy-t9hc,9realms:10231936123217
buy-t9hc,9realms:9981068673361
buy-t9hc,9realms:10605489193297
buy-t9hc,9realms:8879705162065
thc,9realms:10605691830609
thc,9realms:9366431859025
thc,9realms:9804786008401
thc,9realms:9729472135505
thc,9realms:10605644382545
thc,9realms:9366470492497
thc,9realms:9804779585873
thc,9realms:9729466007889
thc,9realms:9882885816657
thc,9realms:9804806226257
thc,9realms:9729511063889
thc,9realms:10605489193297
thc,9realms:9312086982993
thcp,9realms:9366431859025
thcp,9realms:9804786008401
thcp,9realms:9729472135505
thcp,9realms:9400720490833
thcp,9realms:8879704375633
thcp,9realms:9366470492497
thcp,9realms:9804779585873
thcp,9realms:9729466007889
thcp,9realms:9804806226257
thcp,9realms:9729511063889
thcp,9realms:8879705162065
10-oh-hhc,9realms:10605691830609
10-oh-hhc,9realms:9366431859025
10-oh-hhc,9realms:9804786008401
10-oh-hhc,9realms:9729472135505
10-oh-hhc,9realms:10605644382545
10-oh-hhc,9realms:10050383315281
10-oh-hhc,9realms:9400720490833
10-oh-hhc,9realms:8879706669393
10-oh-hhc,9realms:9366470492497
10-oh-hhc,9realms:9804779585873
10-oh-hhc,9realms:9729466007889
10-oh-hhc,9realms:8879710732625
10-oh-hhc,9realms:10231936123217
10-oh-hhc,9realms:9981068673361
10-oh-hhc,9realms:10605489193297
flower,happydays:5e078927f56c500b
flower,happydays:1176cd7a2ebbd375
pre-rolls,happydays:9323927bbd4772ad
flower,happydays:a75a0a585f82fd5a
flower,happydays:2a52b821cafd7d79
flower,happydays:83dc4ccc6034d636
vaporizers,happydays:eba5c93496dd3ab6
pre-rolls,happydays:ba8ce16e21e20d3f
vaporizers,happydays:659700cd7d43d7b1
vaporizers,happydays:91b856dd7891619d
flower,happydays:860a4b7339cde9fd
flower,happydays:23481910402bb528
vaporizers,happydays:725428fa60077625
flower,happydays:4f21ee0fd983f08e
pre-rolls,happydays:cf5e98bd04055a76
flower,happydays:a30da33c4e314930
pre-rolls,happydays:b1ef62785f530b8a
pre-rolls,happydays:73ef75bc92caec30
pre-rolls,happydays:1da6dc8a0a46f4af
pre-rolls,happydays:b650bf678c50a551
pre-rolls,happydays:ece5365eb7bf2f7c
pre-rolls,happydays:dde6124fd9a2d781
flower,happydays:b8ec1032092726f8
flower,happydays:a7b245fc2b863def
concentrates,happydays:acc41defe413fd2b
concentrates,happydays:788cbfe085f36663
flower,happydays:ae6e8cf28432944e
flower,happydays:350aa515df985965
edibles,happydays:646fcd9c12adb3a6
edibles,happydays:ce4dcf0ea2ca2e14
edibles,happydays:72dd00ac362b6168
edibles,happydays:2f6ac7fc40648342
flower,happydays:72924afde5f5b2a7
flower,happydays:5a6c6b74cc68abf1
flower,happydays:ec9991c425d0f1e8
flower,happydays:7efa9623deb5aa97
flower,happydays:7d7fda5dd5a31b00
pre-rolls,happydays:5d8706e688ac5d47
pre-rolls,happydays:4dfb915756df2f8d
vaporizers,happydays:85dbc4a9016a3a0a
flower,happydays:d525aefcd6bfd6ed
flower,happydays:f868d093aa101274
accessories,happydays:5e1c3c0d7a1b9e55
vaporizers,happydays:84c9a2e8accad517
concentrates,happydays:6817452a19c4ca0c
concentrates,happydays:aeff868dc8d16d85
pre-rolls,happydays:bc7125e791b2ed40
pre-rolls,happydays:6ea03bbc1ac214ee
concentrates,happydays:b0f8d622507ef55e
flower,happydays:bcd4aac7877779fa
flower,happydays:00a388cb3aef2ae5
flower,happydays:3403dcb4b120edd8
flower,happydays:c526f172b6205673
vaporizers,happydays:0c5e083618eb0a1e
vaporizers,happydays:4fa016fabff7a4b6
flower,happydays:928e832d9e09df7c
flower,happydays:a0e5441b6b64a64e
pre-rolls,happydays:36297705a614c829
vaporizers,happydays:337d376c2d9c2bb8
pre-rolls,happydays:381eba114de0a139
pre-rolls,happydays:cf1633ff74238135
pre-rolls,happydays:816e44760fd2f2e3
edibles,happydays:7256a8e9c35fbc3a
flower,happydays:abb6e4db2efe51ad
flower,happydays:1af242875d1cc285
flower,happydays:abf6a2e773223941
flower,happydays:a86d3907a108f69e
flower,happydays:b2065372869bcec8
concentrates,happydays:640fc6862e6aad38
concentrates,happydays:518c7c73b1584a53
pre-rolls,happydays:72810eec6547c953
edibles,happydays:4a47859120f19d21
pre-rolls,happydays:e7aed4870f394b8b
flower,happydays:a5248af896782157
flower,happydays:50f416925a42ef46
pre-rolls,happydays:a36ed198be192751
accessories,happydays:80d94a8be014d314
vaporizers,happydays:a503d9493bfc2f1f
vaporizers,happydays:adefea63854579dd
pre-rolls,happydays:7eaf7f04a276e418
pre-rolls,happydays:c1a0c4d6d0ad69aa
beverages,happydays:a7a0b9177ff0ae27
pre-rolls,happydays:c697b11f80f97316
pre-rolls,happydays:586779af864f412d
vaporizers,happydays:7e606127efd7c1f4
vaporizers,happydays:33cd7106dfd69f54
pre-rolls,happydays:df32f360c2e86bb8
pre-rolls,happydays:91318fc4bfdff223
flower,happydays:128959c8796d8595
flower,happydays:fe9f9e564dfa70f1
flower,happydays:9db133fef4798783
topicals,happydays:0ee4d46af4138c6d
topicals,happydays:57a635105926c3c0
pre-rolls,happydays:954acd7e5102ff5f
flower,happydays:02c05b67e1cbe4c2
accessories,happydays:544e9440e6d98483
vaporizers,happydays:7180311b0bdbe08c
flower,happydays:37a45249b3acc3e9
vaporizers,happydays:ebd52565fe5aa170
vaporizers,happydays:bece29692aa06950
edibles,happydays:450c9c8ba7d9b5f4
edibles,happydays:faf1b905f2da6c80
edibles,happydays:951e38c94ab9268a
concentrates,happydays:21ed71fd9cfe1870
vaporizers,happydays:084d419f68663d89
edibles,happydays:558a115a18c0fff0
edibles,happydays:3adff5706b35ea5b
flower,happydays:d9d7a14e18c74c27
vaporizers,happydays:22b13d899b6a17ab
vaporizers,happydays:9c153c7d8fbe3eed
vaporizers,happydays:80bc899f81b25065
vaporizers,happydays:a2e37e017a8775ee
vaporizers,happydays:1741433b39649caf
edibles,happydays:91229145aaf8a31c
edibles,happydays:7e70e3a6b7a65362
edibles,happydays:5b4f2acceee52204
pre-rolls,happydays:746cc29e0f4f1a9e
flower,happydays:4f79958746b0b1f1
flower,happydays:bffa1fa114db709e
flower,happydays:9039c654f5212a42
vaporizers,happydays:1a3eb582ac1bb58f
vaporizers,happydays:042091cdfbe19bf1
vaporizers,happydays:9dea2ce77383aedf
vaporizers,happydays:d88a7800c3b1e5d6
vaporizers,happydays:0a18032873f6ae9b
pre-rolls,happydays:201cec0d376d85d5
vaporizers,happydays:c9a9a7219a893285
pre-rolls,happydays:98b57f3b67f5d335
concentrates,happydays:93a19c0228bbb2ba
flower,happydays:8e678f04b5deca78
vaporizers,happydays:ebd4088c3e363d06
concentrates,happydays:fa52e48975ecf9a6
concentrates,happydays:e4706ca6f69fcb9f
concentrates,happydays:ece80a469f0b7bf2
vaporizers,happydays:dac4cf170b75ad84
vaporizers,happydays:556671e382196b5c
vaporizers,happydays:275e1c8b24321f5d
vaporizers,happydays:781e3d3c8b53b34b
pre-rolls,happydays:6e3e1971a820414e
pre-rolls,happydays:02de68aa72e96ab7
pre-rolls,happydays:842d90ab0d048db5
flower,happydays:8b1f53f9e2ea2b6a
flower,happydays:af0472ccf23887e0
pre-rolls,happydays:b3a18ecda6d64df7
flower,happydays:d51e3014a0df32ca
vaporizers,happydays:0e955241db5f9703
flower,happydays:8dda1b55bed167aa
pre-rolls,happydays:b28a1ccdc88a73fb
concentrates,happydays:88b7d75f0cb71234
concentrates,happydays:dff218a647418f5f
edibles,happydays:067b5eba52e5ea80
edibles,happydays:c4aa698c0871cfe9
vaporizers,happydays:47d9897ad217f95a
pre-rolls,happydays:7545c7ba5ece4bd0
concentrates,happydays:707a2c5789a0446f
vaporizers,happydays:aa9531d2ae56cccb
pre-rolls,happydays:c7bf44144e21f91c
pre-rolls,happydays:1644cfb7b295cd12
flower,happydays:5b5cacea287a2c78
pre-rolls,happydays:4844123d066a923e
pre-rolls,happydays:57f6645abaf19339
vaporizers,happydays:b83b904dd1677317
vaporizers,happydays:eee36dacd674353d
vaporizers,happydays:9584088072a5ff01
vaporizers,happydays:07666ba7f601a891
vaporizers,happydays:fbe097e037579dea
vaporizers,happydays:cee046d8b6622019
pre-rolls,happydays:9712be6bb5fc1a4c
flower,happydays:7b2c2a2bf48a8d6a
vaporizers,happydays:b2538daa94515c79
vaporizers,happydays:d8f330b078b43570
vaporizers,happydays:eb7d75e40bc6b38f
pre-rolls,happydays:51c3757dc3634b52
accessories,happydays:f7c60416b5d8713c
accessories,happydays:6030fce149c52802
accessories,happydays:85d8e0a8dae2e5b6
accessories,happydays:0419b6cc00b5416f
accessories,happydays:fdb104cdd9d64bef
accessories,happydays:564cbfd3d4578664
accessories,happydays:7334b2c5ab640e8b
vaporizers,happydays:6715ebe752168b07
vaporizers,happydays:8c623459ad8b5907
edibles,happydays:84299ecdaa587c23
edibles,happydays:be1f60c176452d24
beverages,happydays:7345917203ead217
beverages,happydays:ad8876163fcfaa97
pre-rolls,happydays:f01a0ba4f0777d84
concentrates,happydays:065c52fa6c1fab22
pre-rolls,happydays:57f0d115085d0293
vaporizers,happydays:78c564cc84bd670b
concentrates,happydays:e36dd31eee486eb2
vaporizers,happydays:1747527da2b7c21f
flower,happydays:a1906b3a782e16b9
vaporizers,happydays:128be6d1365b15c8
vaporizers,happydays:9ba73d06acd34574
pre-rolls,happydays:aa337704b35b200c
flower,happydays:0b192b04cfb9288b
pre-rolls,happydays:8bd63e1b5dda2ce8
pre-rolls,happydays:e69cb326f55481ca
flower,happydays:9e4fe2bb10a258b1
flower,happydays:0bfbd24c22a1f7d7
vaporizers,happydays:750c893e29e0bc0d
vaporizers,happydays:d8da7ec627f3455f
pre-rolls,happydays:fd0f881d5abc00ee
concentrates,happydays:e3a9d77132fd4f37
pre-rolls,happydays:41266e3a75f584a4
flower,happydays:24d0b7439d6dd1f5
vaporizers,happydays:7d384c34594dbaa5
flower,happydays:1ad0fd67257c2404
vaporizers,happydays:17379f75dcddc178
vaporizers,happydays:3d241952c4de9b90
vaporizers,happydays:33e98470e60ec015
vaporizers,happydays:4a93a3f87f5b1099
vaporizers,happydays:2a74d4b1730927b1
flower,happydays:828f9ae82c7e8c32
pre-rolls,happydays:a46fff3678965089
pre-rolls,happydays:e970c627dca0aeb7
pre-rolls,happydays:6e6529888fac1681
pre-rolls,happydays:d6347560e6220f8b
flower,happydays:13b8305227e10ba1
pre-rolls,happydays:115beab511bcf8a2
pre-rolls,happydays:108d750ed317e796
flower,happydays:2db07ce1d1f633ca
flower,happydays:13f5d2cd0ff6c96d
pre-rolls,happydays:40372160711725e3
flower,happydays:ee971fa94204cb95
vaporizers,happydays:904db27ac3f0914b
beverages,happydays:594b1e4df89b7c89
flower,happydays:19c776557b68fefa
flower,happydays:6fe8e5aea9a9db1e
pre-rolls,happydays:aa69571ca706fb0c
flower,happydays:6a42ffbfee348505
flower,happydays:5eb61e51cb8f872b
concentrates,happydays:f1745aa0dfa7824a
pre-rolls,happydays:c937ca922d19cd91
beverages,happydays:e5c49adcbefa5951
pre-rolls,happydays:747bde0b4c995029
pre-rolls,happydays:fffd3bce97f69305
pre-rolls,happydays:be5a796aa1c35e02
flower,happydays:574581ead3e7b0ab
flower,happydays:0b1e396ccb8bb3a7
flower,happydays:c4026e0089afd3cc
flower,happydays:d59cf27301bba6e4
flower,happydays:dcf9a961749f4d8d
flower,happydays:c7faf592bc45d4c1
flower,happydays:0684c8d1616362e5
flower,happydays:34ff9bb9927bb39a
flower,happydays:4b85bc91e17fad78
flower,happydays:036c048fd2fc7801
flower,happydays:07461992fc6cdfc1
edibles,happydays:09ddf515594a8501
accessories,happydays:022afdc7758ed7b5
beverages,happydays:65e9addb482bae3d
beverages,happydays:e693bc9731e753f1
beverages,happydays:82b146f0ddabd831
beverages,happydays:76158c4b974d0f09
pre-rolls,happydays:d80a461e78c9500f
pre-rolls,happydays:e43a279800b5b471
vaporizers,happydays:eed4816abeb5cdc9
concentrates,happydays:e7f2f93f45dc8bb2
concentrates,happydays:9291ef81f978b37f
vaporizers,happydays:839f941c20bb4efa
vaporizers,happydays:b2113c88c3b82456
vaporizers,happydays:271e7454069cc52b
vaporizers,happydays:4ace5e10f86b1610
vaporizers,happydays:a8b9f0012e76bd14
flower,happydays:c1152bd8ae16a7ff
flower,happydays:77f728a1ca80f7bf
flower,happydays:c84f225a6b80763c
pre-rolls,happydays:9b71be330460a256
pre-rolls,happydays:b64e5898c145558c
vaporizers,happydays:bce0e0150b540df1
vaporizers,happydays:4f6a905c57d0ea08
pre-rolls,happydays:b50d66e6cceb6e12
pre-rolls,happydays:d8eec3a8bc9b8a19
pre-rolls,happydays:27eaeac0cde6dc00
flower,happydays:dd6f154f4622859d
flower,happydays:6808bd621feff564
flower,happydays:c18fc1befb4c824c
concentrates,happydays:39801bd03cb9c17c
vaporizers,happydays:134a54ed54ae8294
concentrates,happydays:9495edb034f3f691
concentrates,happydays:8e9aba7a80699c39
pre-rolls,happydays:cf0fefd02ae6ae75
edibles,happydays:35c1ccb5aef69461
accessories,happydays:cf98f04e014c72ef
vaporizers,happydays:20acb5eaa9fd3e45
pre-rolls,happydays:62a980440d66fd07
concentrates,happydays:068a14cfcd6771d5
flower,happydays:96d367388fba1572
pre-rolls,happydays:5fc2addbea551c8d
flower,happydays:9fbe770d07cf1863
flower,happydays:5513c6a0797390a7
pre-rolls,happydays:228d92212433151e
pre-rolls,happydays:c04b6dfb6a682e07
pre-rolls,happydays:6271f6937ec8619e
flower,happydays:f921341a43536acc
flower,happydays:1896a18650b33b71
flower,happydays:dcea0be0e3f4a8e4
flower,happydays:59ca33caba23e28a
flower,happydays:aac6ba439ab71524
pre-rolls,happydays:cc6001aa83337df6
flower,happydays:1f7986713d606b43
flower,happydays:e8579dbbfb6cf969
flower,happydays:58a4ac53bf5600ed
flower,happydays:1f0f67ab8a178002
accessories,happydays:226bafa2c039d25d
flower,happydays:47e57838c0f63ce8
flower,happydays:1f3408835305c257
pre-rolls,happydays:6be626daabdebb14
flower,happydays:5aa0ace1b21a1185
flower,happydays:dacfa25a4b48d410
flower,happydays:e2d49e1140f1dacd
flower,happydays:4e4caa997993cc62
flower,happydays:cf890eb8c642836e
flower,happydays:0b9d32ce211c3a23
pre-rolls,happydays:254667d28ffb617e
pre-rolls,happydays:3485de9c9d8e3f0c
flower,happydays:d179d599a7c7538a
pre-rolls,happydays:61a65ab73dc0abff
flower,happydays:7bada65f652cbd47
pre-rolls,happydays:637f6a2ed8a24b5f
pre-rolls,happydays:6abd4f8cc9b0d859
accessories,happydays:d8047e8581091dd0
accessories,happydays:b1a8115522f06d34
flower,happydays:9e416d18544b8c45
concentrates,happydays:f679718b923c6885
flower,happydays:4b285d88ce6b7076
flower,happydays:fe9477ea125b329c
vaporizers,happydays:049c2f17e38a43ae
vaporizers,happydays:fc58b213ae962b96
pre-rolls,happydays:332a8394bdce288b
pre-rolls,happydays:a7e35137921581c6
concentrates,happydays:17ac6104ecd0bae7
pre-rolls,happydays:41872ff59d33ddc9
vaporizers,happydays:3232502cd40486f1
vaporizers,happydays:9b307c4b9e4f8d68
vaporizers,happydays:dbaf10cd6ddb0b0e
vaporizers,happydays:126491048e1d6a94
concentrates,happydays:2e5caf1d84a78b00
vaporizers,happydays:22eb37c5f42d5344
flower,happydays:5c2e74b80c9c44ee
accessories,happydays:b2db8b42a8155ffe
flower,happydays:f0ce4bcce68af80c
vaporizers,happydays:f06ff26e84ca5259
flower,happydays:82540b83a9653469
vaporizers,happydays:b0a7c0db2fb3746a
vaporizers,happydays:27f626442e7f5c41
accessories,happydays:88187368cfab9f3d
accessories,happydays:53cfee374cbe2f5b
accessories,happydays:b4cca42ffcf180d9
pre-rolls,happydays:128981d08f332436
flower,happydays:d6e7a765d952385f
flower,happydays:bc12c228e39abb7c
flower,happydays:151c4becb0c4fa4f
pre-rolls,happydays:5ae4cf47cff1b8d5
flower,happydays:be17b7bd42dc8386
vaporizers,happydays:395e033277dc3359
vaporizers,happydays:32b8021676216d56
pre-rolls,happydays:c417176d2121dd45
pre-rolls,happydays:68f08c37c5799615
vaporizers,happydays:6f95984bb03b2862
pre-rolls,happydays:34a33d7edc74759b
flower,happydays:566b745e38a63063
flower,happydays:1c075d1d0c6ef144
vaporizers,happydays:0025bc083098337e
vaporizers,happydays:e133bef238bc84b8
flower,happydays:338b3683fac1f1f9
pre-rolls,happydays:84beecac92044a61
edibles,happydays:deb7b76e93e4b48b
vaporizers,happydays:beb33eeead7602f4
vaporizers,happydays:0a8abbd0ae855329
vaporizers,happydays:2021a6395156f215
flower,happydays:d79b976a5deca3e7
flower,happydays:7620cd2628dfab45
flower,happydays:62c8f0d6f9e74bff
pre-rolls,happydays:28d8b95364fbec03
vaporizers,happydays:fbb95b4891700572
pre-rolls,happydays:a8c9aa0fc9951ab3
flower,happydays:141b616dcf13c635
pre-rolls,happydays:df68f744dc1bdfb4
pre-rolls,happydays:b6090772944cd127
pre-rolls,happydays:528fa82c9d996e38
flower,happydays:1b036aea2b4fcbb1
flower,happydays:2cf801dc68985f7a
flower,happydays:65d18978ef04838b
vaporizers,happydays:9930eb187a3e7d1a
vaporizers,happydays:fcf280655efefcc1
vaporizers,happydays:94119caaec4f5af2
accessories,happydays:9b27015de0a2871b
accessories,happydays:f907e94b82061f42
pre-rolls,happydays:c7271f787714373e
pre-rolls,happydays:33f7e9f44d30950a
flower,happydays:dc092f069569ce12
flower,happydays:6eaa91b769f5652e
flower,happydays:b5ea81ff45d527ff
flower,happydays:7975a4d1f9c4b975
flower,happydays:ecea166c8b43122c
flower,happydays:9e0a2bf527581aab
flower,happydays:860eddbe53858c6d
flower,happydays:0cf521098ba1d7e3
pre-rolls,happydays:b625a0b3cf05ca20
vaporizers,happydays:ff867fcc49790ee1
concentrates,happydays:5b76032703c3eb31
pre-rolls,happydays:e3335234c53d4242
concentrates,happydays:987ad51914533f3f
pre-rolls,happydays:1a5f356e0ea13375
vaporizers,happydays:9fb683e2701b8bde
vaporizers,happydays:bfc45bdaa756fb4d
flower,happydays:7426ddef6849f1ee
flower,happydays:2eabca23d04a02d3
flower,happydays:a1a68ce20ce38607
pre-rolls,happydays:8ff994e1dad5d1db
vaporizers,happydays:bc30f67a9261189e
beverages,happydays:ed276b83b92dff2d
beverages,happydays:3cf7fbc0a20c9444
vaporizers,happydays:01a4b7220106d2af
vaporizers,happydays:5780b22afad9e4e7
vaporizers,happydays:20f6d4bdb9fe6dea
accessories,happydays:bb25d9b61f140d94
accessories,happydays:6c46630d0252fe0f
accessories,happydays:21d608196e02a348
accessories,happydays:7b641e5b3a32c450
concentrates,happydays:689253f0a4e70048
flower,happydays:16a3af3579465bd6
flower,happydays:d7d939aa9db2c3a3
flower,happydays:ad58656401db5197
pre-rolls,happydays:992c69e236e7cc70
pre-rolls,happydays:66b263eec832b178
pre-rolls,happydays:db65e117d58a7362
concentrates,happydays:655a3c9b6408cd48
flower,happydays:10e9351450f26fae
pre-rolls,happydays:fd380d8ad4060e6d
pre-rolls,happydays:dda5faf89aec652a
vaporizers,happydays:df1cfc068ef09818
vaporizers,happydays:524654b771668e00
flower,happydays:7235a2cd6304df42
flower,happydays:76ba18bd4e515bd1
vaporizers,happydays:720b07cef61aea7f
vaporizers,happydays:5162f5147175cad8
vaporizers,happydays:8434922e7c9ecf8f
vaporizers,happydays:d804fcd1c2ab51b5
flower,happydays:2913013f17ec6ae2
flower,happydays:4a2ed8813883d290
flower,happydays:73bade783117248a
vaporizers,happydays:1fda6f29cc85d8b3
vaporizers,happydays:c5ecc4caafabdd01
vaporizers,happydays:faf69703d8dbb42b
vaporizers,happydays:4c0c24ffbaf8c66b
vaporizers,happydays:3a4eb6f9d3de5240
beverages,happydays:7726f1c98c5575ff
flower,happydays:88d6d51325702977
flower,happydays:bbe0625e1651f7b3
flower,happydays:6096b7e8502d3eed
flower,happydays:20ace51525f454aa
flower,happydays:bf1c4c31a15b3833
flower,happydays:896cea5218d659cc
edibles,happydays:a3e59d2b7b7a16d8
concentrates,happydays:123d41342e4543f3
flower,happydays:ee959411ceedf6f7
pre-rolls,happydays:d5c4070746c54310
flower,happydays:7500b6c07be67323
flower,happydays:349c4abc0ce54d64
vaporizers,happydays:e5f21dc0f2e14139
flower,happydays:427258b7fd46be75
edibles,happydays:03a93516124a3c09
accessories,happydays:03f8b051a193cb42
vaporizers,happydays:7b819f6ec449d68c
concentrates,happydays:73b3365fd2beac0f
edibles,happydays:7fd227986e26e0c6
vaporizers,happydays:968987e9584eda72
vaporizers,happydays:6bfecb449761d178
flower,happydays:740968bc8cde15fa
concentrates,happydays:06589069d8bdcc1b
flower,happydays:4787fdb57fbb8e9c
pre-rolls,happydays:6dd2b340b2388bfb
pre-rolls,happydays:b1dc5384d34fc1c0
vaporizers,happydays:8089462f4e2beea4
flower,happydays:7e9ea754c82b6e48
vaporizers,happydays:7eee6ba4402b57da
pre-rolls,happydays:f13fb69569e85f43
pre-rolls,happydays:1f5bdac44e77d512
pre-rolls,happydays:50ac348f9f53f699
vaporizers,happydays:6c7da447aa5668b2
vaporizers,happydays:5a80e4a673460bd8
vaporizers,happydays:282484d73b85ff8f
concentrates,happydays:127476380c570904
flower,happydays:4523e8ba19e35e80
pre-rolls,happydays:fbabfb3b9661451c
flower,happydays:9209d427fd516bb0
vaporizers,happydays:573be4c8215def0d
vaporizers,happydays:c1629fd9ea8856b1
accessories,happydays:2b9feee91cb86bd7
accessories,happydays:2423c33305af44fe
accessories,happydays:e80db17ddcbcb3e7
accessories,happydays:065349493447c7d1
accessories,happydays:418f829373f4e957
vaporizers,happydays:80a75837cc8f6ce8
vaporizers,happydays:d67564ed02a79b2c
beverages,happydays:bee0152b2d7d44ff
accessories,happydays:776a51243872693d
flower,happydays:a34249b69c7b0bdd
vaporizers,happydays:2ab0e08d30cf50fb
pre-rolls,happydays:c151608daf0c98f3
flower,happydays:f0cc6e743c6ec8b3
pre-rolls,happydays:5d9e2fed6220b558
vaporizers,happydays:968088a35b2b9590
concentrates,happydays:f8153d1ee4a0e19d
vaporizers,happydays:8b94f6b775d989ee
vaporizers,happydays:9bc05fe86a886808
vaporizers,happydays:a1d9dee0792df79b
vaporizers,happydays:c6817a89d6cb7f4e
pre-rolls,happydays:81927755ba2f752d
vaporizers,happydays:97ee7386d90d0b82
vaporizers,happydays:8640a28a3c3bd550
vaporizers,happydays:e3528e3c0642ac07
flower,happydays:25e96cb89b3e6018
flower,happydays:bf93e30217193140
flower,happydays:e1af602960024329
flower,happydays:ab25a5f8c7d29f66
flower,happydays:1c757b16e1b1a56c
vaporizers,happydays:5b48a28821dd3943
pre-rolls,happydays:3cdce39659e5f1f1
accessories,happydays:40edc031b8fff835
accessories,happydays:94912d89791dc8f2
accessories,happydays:adb89be0f4e91cae
vaporizers,happydays:cd4bdbdb4b2d29e5
flower,happydays:0153276faae0ab42
pre-rolls,happydays:7ada84bf1a767248
flower,happydays:3abec9df6f441c9c
flower,happydays:e7bcd9a913ba044f
flower,happydays:5b31c338c8f34ba6
flower,happydays:48a10c4dc7110434
flower,happydays:129cc2c056e26d1c
flower,happydays:08f2eb0d8eef179b
concentrates,happydays:bb8f8e475e62d06a
accessories,happydays:1930ad060e4ee53b
accessories,happydays:31e2525cdbab145a
accessories,happydays:4d5c0e6b0b836875
accessories,happydays:f725a18eac92b348
concentrates,happydays:3f298106ac7c6392
flower,happydays:7d63754f8bda315c
flower,happydays:6daf58ab33b9e060
vaporizers,happydays:9d45fff2f8d09751
vaporizers,happydays:f03fa07356eef280
vaporizers,happydays:d238f8da55d8dda7
vaporizers,happydays:aa03542b748af87e
vaporizers,happydays:9f393fab6ef2ce87
vaporizers,happydays:f3689dc3967128af
vaporizers,happydays:f09e834bb2b0b470
vaporizers,happydays:74a6eb66ead6885f
pre-rolls,happydays:1df0b138d375bbf9
edibles,happydays:f2f0bb6771d47497
edibles,happydays:2d58b6260d9e97b0
pre-rolls,happydays:f88456178b6145d3
flower,happydays:b355f2cbc00e1524
pre-rolls,happydays:adaf8876cf49d639
flower,happydays:e23f83e473c24984
pre-rolls,happydays:ab4ad818ea5f6639
flower,happydays:d9698d95b6219809
flower,happydays:719b4d05e288a255
pre-rolls,happydays:5bb304a007ddf1fa
flower,happydays:2e07c4acc71f64ac
flower,happydays:1bff747338246150
flower,happydays:ce0a890a9816f0fd
flower,happydays:293ef655a02ca7ec
flower,happydays:00153b9d6b952fca
flower,happydays:d250e8f51f8cf2fe
edibles,happydays:9fd64fc82c10bd1c
edibles,happydays:1165883a798d3702
edibles,happydays:4fd76abd7c96c7f7
edibles,happydays:a68837cb3251ddd1
edibles,happydays:446ddc8f09583ff0
beverages,happydays:4017c5eeeef5397c
vaporizers,happydays:a86fb98d4ac3c6ee
vaporizers,happydays:faa1000c79f17043
flower,happydays:59505de12b8f4923
pre-rolls,happydays:13be6565367d8fd0
pre-rolls,happydays:f5b939d099995f91
vaporizers,happydays:63b0b04c9a52fc6e
flower,happydays:d4fc24b2ad7fcfb2
pre-rolls,happydays:3afe438e681d4a30
vaporizers,happydays:f41935e64f88e3c9
edibles,happydays:4388747d0a6b39e7
edibles,happydays:23135eaf491d3966
vaporizers,happydays:4d2c2adebf5a4129
pre-rolls,happydays:9b66a9c57427d865
pre-rolls,happydays:af073e845a8200e7
pre-rolls,happydays:545b037d1a064b5e
flower,happydays:9a64f7479b67defb
concentrates,happydays:928a388098a6190a
flower,happydays:3f0cec5f9e41b95a
flower,happydays:790321e233e50793
pre-rolls,happydays:787e4e02ee47ac28
flower,happydays:7db4a4d335fa700b
flower,happydays:95ec55a54161d5ef
flower,happydays:6c8889b6217b48db
flower,happydays:f142bc3227987cc8
flower,happydays:07fce129e607af6d
flower,happydays:3d098076fc0d6d53
flower,happydays:f9b0ebaf0b0c148d
flower,happydays:4dbc8fc116c9ecc4
flower,happydays:f6a0ee63e102c1f6
pre-rolls,happydays:96d98b243f4067f6
edibles,happydays:ab406cded3b53c95
vaporizers,happydays:420d884e2eb7eb95
accessories,happydays:f8fca28efca0cfaa
flower,happydays:e2a2dd849913fe03
flower,happydays:99e162243c314e53
concentrates,happydays:bc1e9d711be17650
vaporizers,happydays:54a2ccc6f9e4af6f
vaporizers,happydays:562b7310e92b992a
vaporizers,happydays:5c0b11af0fed7a74
vaporizers,happydays:536fe2526b12f95a
vaporizers,happydays:1ba464ef6bb4a3e0
vaporizers,happydays:3ab633fc87d537b3
flower,happydays:30e5183037174475
vaporizers,happydays:68d8755211aeffb0
vaporizers,happydays:4ae90b31fc72a85c
flower,happydays:d227b155be1fbd41
flower,happydays:0776063403619029
flower,happydays:a2a8d0f656c17818
flower,happydays:2ceef0cdbaab8917
flower,happydays:dfb1ee5b7f24d7e8
concentrates,happydays:264e9beb95a7c2e6
pre-rolls,happydays:2c74998403d60d14
accessories,happydays:3349ac8622361849
pre-rolls,happydays:64376795ba17076a
pre-rolls,happydays:bb9a14695c491513
pre-rolls,happydays:af173695fcbde756
pre-rolls,happydays:ae69915eb9dc162c
concentrates,happydays:96c366fa8066b205
pre-rolls,happydays:001b5e132c970022
edibles,happydays:b541397e7dedeb23
concentrates,happydays:64a280ed40c99bd8
pre-rolls,happydays:f7ae46a6220f8f51
concentrates,happydays:7e9aa396a8ad915e
concentrates,happydays:6bf8abe7d7ca243b
flower,happydays:70b60fb0aaa02d72
flower,happydays:6b6562953cfeff73
flower,happydays:c36cf3487dfde958
pre-rolls,happydays:9446a11418eb0085
vaporizers,happydays:9f1cbf4f836178ce
vaporizers,happydays:c583e0c2d35e56a7
vaporizers,happydays:51e689f3c13f1c5f
flower,happydays:7cb766bd1206d4d5
flower,happydays:983777574a4f37d5
flower,happydays:372e087d2f0d3587
pre-rolls,happydays:84153e865f84eb1c
concentrates,happydays:a61856f599e1c496
pre-rolls,happydays:261ef1ace699dff7
pre-rolls,happydays:4acbdbc2f8879d5a
pre-rolls,happydays:ddfbafec43bad8ac
pre-rolls,happydays:ee412d7f15de6ee5
pre-rolls,happydays:346ff44634c75408
edibles,happydays:6900b5471a54d647
pre-rolls,happydays:fac6993c235ba997
vaporizers,happydays:97cb8b3bd99c1515
flower,happydays:8eb298283ccaadda
vaporizers,happydays:dc1dddc1298cff33
flower,happydays:a43c963af4a8ec57
flower,happydays:3497a34effbdbeef
flower,happydays:79a62a6a59752ccb
accessories,happydays:cd826faef7adb953
pre-rolls,happydays:d197e36fe40a9730
vaporizers,happydays:d534719ce7fd2266
concentrates,happydays:7e24acbffbeb41aa
accessories,happydays:94a742825cf922d8
accessories,happydays:d6cf95e9c686635c
accessories,happydays:2b6614655a1d13d2
accessories,happydays:e869fb467b62233c
accessories,happydays:8c0225e0d7095e76
accessories,happydays:65f05dc59a94a7dc
accessories,happydays:905f05c33848aea7
accessories,happydays:e2277fb3f06b3a37
accessories,happydays:9ca02c2708827bad
accessories,happydays:17966eb551f35bd9
pre-rolls,happydays:0304d1777508c4a9
vaporizers,happydays:4c4d9ae783ded6d2
vaporizers,happydays:b3ee1d796ce23632
flower,happydays:3cbcfa77e5d83bf7
accessories,happydays:04e2f4d1511e14b9
accessories,happydays:18e2d2c54f107df3
accessories,happydays:3122142c6656e4f2
accessories,happydays:738eef63f988bb3f
vaporizers,happydays:312a74790c59e8ad
vaporizers,happydays:0eeab9a283d8f25b
vaporizers,happydays:881f51fb22507532
vaporizers,happydays:2fc8118accfa607d
flower,happydays:0676405504d4c458
flower,happydays:7a64d8833d27845d
vaporizers,happydays:b2669e5d437cf753
vaporizers,happydays:ae19b6a410643098
vaporizers,happydays:f6da42ed63293e03
vaporizers,happydays:40259bc6efd4e1df
flower,happydays:3f29ec51de844a16
flower,happydays:dbd3fb36fa7f6d1c
vaporizers,happydays:c189f87355b0d47a
pre-rolls,happydays:b97f5f9c0e3c1561
vaporizers,happydays:11d9c1bb23a76fe0
concentrates,happydays:0f6b70bd19fe33e7
concentrates,happydays:a7e72764a4a2ae77
pre-rolls,happydays:5433f6e0ebfeef91
accessories,happydays:3a24237e99e76a12
accessories,happydays:57f9a47847875ed6
accessories,happydays:8607969964f15697
accessories,happydays:e32027fcacb9de47
accessories,happydays:12218e568037f462
accessories,happydays:8f61391879f4bbe2
accessories,happydays:c6052f3edef65b51
accessories,happydays:11d2fd403cfd039f
accessories,happydays:0a4ec9b5aa84cdad
accessories,happydays:951ea9619b5cdc6d
accessories,happydays:b62feb181a9f85e8
accessories,happydays:30ed88756f80cb7e
accessories,happydays:3111ad34190a625b
accessories,happydays:6500e519cc27143a
accessories,happydays:b1f31e8ac1dc23fe
accessories,happydays:1eba17d6f2dabcb5
accessories,happydays:6d866d69dcc8d3ca
accessories,happydays:8fe99c2d302733b6
accessories,happydays:6eece27a097e2f6f
accessories,happydays:bcbd852f17ba605a
accessories,happydays:7b4fcc53b0d09f35
accessories,happydays:83dceb38a8c48d0d
flower,happydays:5b2a08bff27639ff
flower,happydays:7de127519ecfdaae
flower,happydays:7fb567bb4da37057
flower,happydays:a6a5031c059fa86a
vaporizers,happydays:04e2e9be53bcf732
vaporizers,happydays:c1b854adc66467ff
accessories,happydays:5ca31f4a8237b665
vaporizers,happydays:612d59ee54a39ad1
vaporizers,happydays:c0ac32bf784fe32a
vaporizers,happydays:de1fd8d750bf0217
vaporizers,happydays:b9a852a42ecb6363
vaporizers,happydays:673c122837e2f155
beverages,happydays:9c29448adcec9493
vaporizers,happydays:a4d87fa7129ee710
vaporizers,happydays:441e6dcf1491e4d0
pre-rolls,happydays:01f5aa5e730e6808
vaporizers,happydays:dc6674b2d75209a2
flower,happydays:8df55a8adb4fd823
flower,happydays:6bc9c60c60f2e430
pre-rolls,happydays:8dec18be380f8d5c
accessories,happydays:355247825db6ae3d
accessories,happydays:ae03b3128543c48a
concentrates,happydays:dbbf5acea5b13f38
vaporizers,happydays:3966e29543e2c668
pre-rolls,happydays:fc77797419a1c325
pre-rolls,happydays:1c1b9ed159e0742b
vaporizers,happydays:1c0900921eae15e1
flower,happydays:1a9991dc9444ae40
tinctures,happydays:132b8ff7ec7fc310
tinctures,happydays:42c4926d86e9ff47
vaporizers,happydays:2487279ddce231a6
vaporizers,happydays:b3d71ab6fa8fa5ad
pre-rolls,happydays:2f7c6e90fac6946c
concentrates,happydays:606575dc1cc21d4c
vaporizers,happydays:12ad0940785a587d
flower,happydays:0db0bc75cde632ee
flower,happydays:0a581316a37e31aa
pre-rolls,happydays:6f7791ee6981123a
pre-rolls,happydays:0280530ac487faf0
vaporizers,happydays:4f061473b6439e54
flower,happydays:2187b903e97083b4
vaporizers,happydays:2db6f6711b4e8883
concentrates,happydays:c45690a8022f7ab3
flower,happydays:edbd021461034737
pre-rolls,happydays:060cdb98bfe5b5e6
beverages,happydays:1452bcf486548958
beverages,happydays:6fec3016480fc70f
flower,happydays:da4d28428acb408e
vaporizers,happydays:d5a9a363147ca4b6
vaporizers,happydays:78cca2ff57adbe52
accessories,happydays:91987a05e8303d4d
flower,happydays:5e56e9e778108402
pre-rolls,happydays:699082362c196fb2
flower,happydays:78b1ab14e779caae
flower,happydays:dae1bcbd549d4cf3
pre-rolls,happydays:2e355d0c28d952f0
flower,happydays:92facb8b4cf2e68b
flower,happydays:6e1ece66dcbbc067
flower,happydays:1486b39ff7151ef5
pre-rolls,happydays:96388c1831648eca
tinctures,happydays:ad3276524f219003
accessories,happydays:3ac575edddd4c29e
pre-rolls,happydays:708135e9a49c0061
vaporizers,happydays:1e2f97555d1f77cb
vaporizers,happydays:46f2445e8bbfb1c2
vaporizers,happydays:69741352b226fb8b
topicals,happydays:0cf02db19802b31f
flower,happydays:42173055a2649ac0
vaporizers,happydays:c8dd39918584abd7
vaporizers,happydays:6a3697c57df38c09
pre-rolls,happydays:dd398260f9b7f27d
pre-rolls,happydays:be54431ea0942401
pre-rolls,happydays:86fc37de52d5b013
flower,happydays:9e21450c08e1d4dd
pre-rolls,happydays:218363534a72ba50
pre-rolls,happydays:697d3c0fe04e66e8
concentrates,happydays:3aeb559feeb294be
accessories,happydays:243e545e57226f37
concentrates,happydays:4716eb6f143a43bf
pre-rolls,happydays:965c77371676e773
flower,happydays:4a572292dd35ff07
pre-rolls,happydays:753c3eaa6ea9cb81
pre-rolls,happydays:f731e74d01fb156f
accessories,happydays:8d2e66225e6f7488
accessories,happydays:496927fce39573eb
accessories,happydays:30d3f1176c362a0c
accessories,happydays:6163421c116a4784
accessories,happydays:b8a3a139569d74d2
accessories,happydays:06bf9f40a4d44c9e
accessories,happydays:ebafcec387562edd
vaporizers,happydays:2e7864ed00c654d5
vaporizers,happydays:dd66069ea6bf7686
vaporizers,happydays:d43be054d86b412d
vaporizers,happydays:09fcbe2f247f02e9
vaporizers,happydays:3188d6f9f3ca47bc
pre-rolls,happydays:b05bc074baac44aa
concentrates,happydays:bfd3209bf51b831e
concentrates,happydays:b182c79b15c72115
vaporizers,happydays:a012a1f2af77649f
flower,happydays:0361dbce1da9d43e
flower,happydays:8ec6d193d31355f1
accessories,happydays:32a8bf8a09383282
accessories,happydays:267585e3559ca06a
vaporizers,happydays:f45044d6e8d9af90
edibles,happydays:5f04856a94be6031
vaporizers,happydays:0e118a5559711c03
vaporizers,happydays:0fea2497b5397c01
concentrates,happydays:47dde4d6ae2f8b76
pre-rolls,happydays:d1d7c9ecbb8bf2bb
pre-rolls,happydays:81dfe84d629bdf45
pre-rolls,happydays:222e7516b6892f8a
pre-rolls,happydays:d913e370f9cc6f74
edibles,happydays:5480e1071a1bc737
vaporizers,happydays:237d2a678c424c0f
concentrates,happydays:97d8f6dfe3b60a4d
flower,happydays:8135c6bb24387f03
flower,happydays:d6912bf40c9bb4f8
flower,happydays:032695a78083c3ba
flower,happydays:fc2b294d533d9828
vaporizers,happydays:5090b89406464662
vaporizers,happydays:3222bc151da90eb8
vaporizers,happydays:21f50d86d94db5ce
edibles,happydays:3630a919277d102c
edibles,happydays:4119fc5c33105fe4
pre-rolls,happydays:8f32b305559f1b9f
pre-rolls,happydays:e64156bec71c0402
pre-rolls,happydays:f01f48f79328c7ce
pre-rolls,happydays:d51860feecceac91
pre-rolls,happydays:52f841e7b703326a
vaporizers,happydays:ca8f86fb05fe1263
vaporizers,happydays:196e457fe67828c5
vaporizers,happydays:bcd0d3334efab21a
pre-rolls,happydays:caa283fbc27e3017
vaporizers,happydays:056d4275519cb637
vaporizers,happydays:6b60aa02d098dd7c
concentrates,happydays:da709ed103c9b3bb
pre-rolls,happydays:59468af14968841b
cbd-products,happydays:f110241938667297
pre-rolls,happydays:c994e9f1338d53c8
vaporizers,happydays:0b1f2cf88a26c1dd
vaporizers,happydays:15de434d91b35e21
accessories,happydays:6b5ad8f1f47ca573
flower,happydays:2559b5a198d42cf5
pre-rolls,happydays:ac609fdae97613e2
pre-rolls,happydays:a02ba2ebff0d0b44
pre-rolls,happydays:f9e0970debe953de
pre-rolls,happydays:6b36cf1070a60cc3
vaporizers,happydays:8fdf88108b9dd42f
vaporizers,happydays:ec33c69aee4b2e5e
vaporizers,happydays:d995dd4463af6e1d
edibles,happydays:d69f33646db42d2f
flower,happydays:328b410737a4996b
flower,happydays:56b55355b7a6a7f9
flower,happydays:9dc7ab634dc843a2
concentrates,happydays:718588d09423289f
flower,happydays:d50ec77d1a450d6e
pre-rolls,happydays:5bbb255bf172e07c
vaporizers,happydays:01feec16ac0c5d10
accessories,happydays:3632d05eba98f17f
flower,happydays:5eb12e43f932a691
vaporizers,happydays:31b3e0e066bf70c3
vaporizers,happydays:64394439b7c7348a
vaporizers,happydays:c52d5cd513cca9ce
vaporizers,happydays:22fcb4fbaba765cf
vaporizers,happydays:29c9fb854c5feca0
vaporizers,happydays:bcbdaef285823ecb
vaporizers,happydays:a75e9cb4ba3d9073
edibles,happydays:d9ba8f51199f9e38
beverages,happydays:628f313e613402d9
beverages,happydays:086139a059be3b2c
beverages,happydays:2c10e8c565b32f5c
beverages,happydays:fb7a38154644496b
flower,happydays:3111dc72bcea5a88
edibles,happydays:cf8f5cad0eaeb8e0
pre-rolls,happydays:0822e95c7d399731
pre-rolls,happydays:a420ae1d52bf555a
gift-cards,happydays:5ec9c35debc9b7f9
flower,happydays:f51ea5172050d0d1
vaporizers,happydays:4a08bf5db21ef1e2
accessories,happydays:fe63459feb2b06f7
pre-rolls,happydays:3e2d2cec6983d9ee
vaporizers,happydays:e811f775b698d5f9
accessories,happydays:69da330245d9e1da
flower,happydays:f42177d629190782
vaporizers,happydays:cb956cf499df118f
pre-rolls,happydays:132f8301fb414cf2
edibles,happydays:67040699f61de67a
cbd-products,happydays:d61b9a6a1d7b0e4d
pre-rolls,happydays:ed8038be131f986e
pre-rolls,happydays:c2d60bc8a498a299
pre-rolls,happydays:a2c11385fd4a6c37
flower,happydays:0ecb7e2995101600
flower,happydays:0add36ed5bf84aa2
accessories,happydays:84fd38f7d59fb6f0
accessories,happydays:eb3f8d869d313ed5
accessories,happydays:dc08f9c8f3e3ff18
accessories,happydays:b1408c2d52f029dc
accessories,happydays:aeeae845fac350c6
accessories,happydays:06e1481495ca0eee
accessories,happydays:215d8b48c1dfe53c
accessories,happydays:c9935b8670dbb305
accessories,happydays:6fd2dec2fef58d34
accessories,happydays:94c3164eae731d17
accessories,happydays:25a57ffc4e45563a
accessories,happydays:ad5612a120a06106
accessories,happydays:6cba14e07507f85b
accessories,happydays:f6aa482d5abafa96
accessories,happydays:c5b80d6532e22d15
accessories,happydays:d963a5a5b33ea39d
accessories,happydays:24e030d83c154205
accessories,happydays:226b02cfc154697a
accessories,happydays:b35dd02ad6c3e63a
accessories,happydays:7093697491de2f33
accessories,happydays:04a34ce89e69677f
accessories,happydays:c0c26291605c9f11
accessories,happydays:8b2f2a39edd26941
accessories,happydays:9a97e1142f5a2e2d
accessories,happydays:0389e86ff904027b
accessories,happydays:b3b0720fe282c4e1
accessories,happydays:53f1eb8d3da508b7
accessories,happydays:3f7447cf7babd209
accessories,happydays:aca0d75728424dfa
accessories,happydays:f5aece432e0d3d3f
accessories,happydays:c3b212e685bcb30f
accessories,happydays:44818465ae0c1170
accessories,happydays:07a71fd5814e1e4b
accessories,happydays:7f6f878c6438f3b1
accessories,happydays:e3a294d9b1e284b0
accessories,happydays:33ceb502092f2734
accessories,happydays:7121bc8d7d51747d
accessories,happydays:1569afc435f91786
accessories,happydays:f5a34d7d5d87342b
accessories,happydays:a7047e21382eb9d7
accessories,happydays:a7991597b8f42b8e
accessories,happydays:8dde40b539526e3e
accessories,happydays:0b4fa71bffa2e69b
accessories,happydays:08ec18e4b5012b74
accessories,happydays:255e99ded0def600
accessories,happydays:0433197919169072
accessories,happydays:1e8fa3bd5caf63f0
accessories,happydays:858dc783f8c31853
accessories,happydays:1ee9fbb63be1e5e5
accessories,happydays:4de8f49fd484a200
accessories,happydays:d59b35a2f333ae96
accessories,happydays:79b2f7cc551d1fbe
vaporizers,happydays:4b64abed4f55ae7d
vaporizers,happydays:6ad0636e3811bedc
pre-rolls,happydays:5986a093f1cbc912
accessories,happydays:26433feed7e56c4a
accessories,happydays:ccb61ee70db37475
accessories,happydays:876769bb96ca8214
concentrates,happydays:f0e2afb7fa56c563
vaporizers,happydays:af40b1e943ae1869
vaporizers,happydays:15d4b8a7fd375f89
topicals,happydays:970c4130a0fc7d45
accessories,happydays:3ec552c751cee281
accessories,happydays:f3bf6c10ff8c3258
pre-rolls,happydays:7005598858c6ba3a
pre-rolls,happydays:4afea3546606384d
vaporizers,happydays:31639c589fff3328
vaporizers,happydays:809dd0fbd21e0d78
vaporizers,happydays:5435559b3df0e3ff
flower,happydays:fd934a2b80747464
pre-rolls,happydays:efdf9a967efd4dee
pre-rolls,happydays:7e2e2f03d32972fd
vaporizers,happydays:46c2b1663cdbdbe2
vaporizers,happydays:c2004e812dcf4fc1
pre-rolls,happydays:6668ee3c389fe2f5
edibles,happydays:a8237212cd1dfae4
flower,happydays:b605233963ceb993
pre-rolls,happydays:017d0771089ec5b9
pre-rolls,happydays:9460750a972a1e65
concentrates,happydays:b3914fe90b5f9da6
accessories,happydays:36cd639d48d5da2c
flower,happydays:7387670d23dc6ab2
flower,happydays:e572b4d3037040fa
edibles,happydays:44a8bafed79dec30
edibles,happydays:867376f648c7f4bd
pre-rolls,happydays:cf1d3f0bf5930e0a
vaporizers,happydays:3fea28b6c60d5387
vaporizers,happydays:adaa57780d673b76
vaporizers,happydays:4c8a0fd662abb269
vaporizers,happydays:02828004fbe1fb37
edibles,happydays:d0ff1d67cfa093fa
edibles,happydays:1545979293cf20d1
edibles,happydays:544714e02e705ef1
edibles,happydays:dae65f55fdd14fb4
pre-rolls,happydays:ca3b1ee02af625dd
pre-rolls,happydays:329aa8f95d7f76de
uncategorized,happydays:94e15cb00e001fba
uncategorized,happydays:7ebc195658e242ac
uncategorized,happydays:ca636ce5eb7e8628
uncategorized,happydays:550bbdc589d59bbb
flower,happydays:28b860609423ea38
pre-rolls,happydays:7d141864a7d59dd0
pre-rolls,happydays:f6bb4a3c6054d631
pre-rolls,happydays:4610ae6fcc8a2599
pre-rolls,happydays:25278857aa537d6a
edibles,happydays:9dc9a854cba935a0
vaporizers,happydays:39db236411f8e376
edibles,happydays:9861c763a61ca26d
flower,happydays:5efb4e2bc002eabd
flower,happydays:fc52b97f3eb2f37b
pre-rolls,happydays:dc571a2fad6a3ddb
pre-rolls,happydays:3f0c44fe88e6532a
pre-rolls,happydays:fe18dbea593ad8a0
edibles,happydays:5f8eeb9cd641babf
edibles,happydays:94d7a6e08cda7d8c
edibles,happydays:b7e913af4cab2005
edibles,happydays:127c7938f5b2d165
concentrates,happydays:50d493c5682dce5f
vaporizers,happydays:4c213bad82474458
pre-rolls,happydays:dad1dd1667ec9773
pre-rolls,happydays:621b3b51b611a40f
flower,happydays:e7717adae081469a
edibles,happydays:d5ad0da83b393030
edibles,happydays:3e490dc9eea258bf
edibles,happydays:a50b1c856e470326
edibles,happydays:3009d404d3d01776
edibles,happydays:f13216d46c78e3b4
edibles,happydays:91fc38b91efdc764
edibles,happydays:968e836d03f3ca8d
pre-rolls,happydays:5c0b0fc23aef87aa
concentrates,happydays:2f4ef0e5fd181233
pre-rolls,happydays:a5e12f027a75bd9e
vaporizers,happydays:084ba35404f840bc
vaporizers,happydays:13b03fb6119cd6a6
pre-rolls,happydays:776be34a438e7f2b
pre-rolls,happydays:c91231ba1fc8d181
accessories,happydays:b14a1477c574526c
accessories,happydays:5a464a1427eee452
accessories,happydays:a3967656f20f2c3e
vaporizers,happydays:86846ba126c14d5c
accessories,happydays:c4e2e470cf5cee2b
accessories,happydays:68c7e2d2d7cbe127
accessories,happydays:1e4ae182c9221f21
vaporizers,happydays:7c454bebdaf19c0f
vaporizers,happydays:2df980b03314a0e5
vaporizers,happydays:c75a5b12a9361985
pre-rolls,happydays:1d96dbcec6a1de3e
flower,happydays:457dbc7e451403a8
vaporizers,happydays:06c098a950b694b3
vaporizers,happydays:2a536f240a927426
vaporizers,happydays:0d61f33198f03091
vaporizers,happydays:7ee665388972188a
vaporizers,happydays:60a6b350aec6030f
accessories,happydays:d82c3b607564a20f
accessories,happydays:5b019168f4e87b5f
pre-rolls,happydays:781c3840e32acd69
pre-rolls,happydays:001eee3d02088fda
pre-rolls,happydays:8f9846ca24870dba
pre-rolls,happydays:10ffa320807c5d99
pre-rolls,happydays:94872670d15abfe3
pre-rolls,happydays:004699b2a9265c10
pre-rolls,happydays:bf0db24849ae5d59
accessories,happydays:4b742119948c5348
vaporizers,happydays:acd339d2b10d6999
vaporizers,happydays:3772ccc1c83fe2e9
accessories,happydays:e00cca23fea53198
pre-rolls,happydays:615e5e3113419f36
vaporizers,happydays:67f1bf0a6fc04066
vaporizers,happydays:06a3e24bd85bdb81
pre-rolls,happydays:ac0105aeccfed868
pre-rolls,happydays:4bd8d6a80bf76fdf
pre-rolls,happydays:502e706f18735810
pre-rolls,happydays:17f7fe3e962094ef
accessories,happydays:0503c377c2ebaff0
accessories,happydays:fa8690bebef8697c
flower,happydays:646f65c6bf93ec37
flower,happydays:c503eb774d6aeef4
pre-rolls,happydays:edab440c1588a692
pre-rolls,happydays:40428fe5f974e4b2
accessories,happydays:b985379db96fa8c5
tinctures,happydays:67047dd36ab2d7d0
accessories,happydays:342f939f5664c964
cbd-products,happydays:725224148029287f
beverages,happydays:8a60938633ada493
edibles,happydays:6a2d6498b55503a2
pre-rolls,happydays:f58182689516857d
vaporizers,happydays:b62e9ad1374aefde
flower,happydays:153ad8256dfd43f2
accessories,happydays:e6fdb66f70847b87
accessories,happydays:288c108b741aac59
accessories,happydays:9f2818a867950372
accessories,happydays:df101e8c1a265e45
accessories,happydays:aa25ef5c33990527
accessories,happydays:feddac7b74a08517
accessories,happydays:f1f75b630fdd2495
accessories,happydays:8a01e9503af47fd7
accessories,happydays:2e856d8d0951fbd7
accessories,happydays:39a08ac2847dde33
accessories,happydays:5ba69903b6793a60
accessories,happydays:5822d84c24434656
accessories,happydays:58896f6cf49eef4e
accessories,happydays:3f7d19e994aa1a9a
accessories,happydays:b22949ad5a459262
accessories,happydays:188010b3026e2bf3
accessories,happydays:9ef83d004d106ffe
accessories,happydays:36097d05cf7e5d5d
accessories,happydays:f2a8f380e6cffccd
accessories,happydays:3e9e1556b3538c84
accessories,happydays:ce7813cabf1079cb
accessories,happydays:aa3aeb43607d0f53
accessories,happydays:3afd3c29e5fcb11c
accessories,happydays:25c76649cf245ac7
accessories,happydays:b519e3a213c4bde6
accessories,happydays:fdce0d71dd74d6bf
accessories,happydays:b11d9dd22097e991
edibles,happydays:5e0416d972d6c189
edibles,happydays:3a05ad517e6e2d43
edibles,happydays:7b05606bbbf10a22
edibles,happydays:6bc49a79665db21d
edibles,happydays:74e9bb6e4ffd0965
edibles,happydays:d89ee93942406670
edibles,happydays:04d27ca788738bd7
flower,happydays:7292d2c84a6d9392
edibles,happydays:f732044c06511df6
accessories,happydays:9dee28fbfd2cd162
accessories,happydays:cbf02abb41b452c6
accessories,happydays:c23318dc991b8555
accessories,happydays:ac4be2c08ceaf24f
accessories,happydays:8cda97e13858488d
accessories,happydays:1ed799ab30f3c84d
accessories,happydays:fc2cb89188cccf98
accessories,happydays:62d7aac5f159a58c
accessories,happydays:6936e276c051ac31
accessories,happydays:98e9d73babada040
accessories,happydays:04c867a710a5678a
accessories,happydays:243315d85f3ac6df
accessories,happydays:c78a8f4966a2a0d1
accessories,happydays:61e069529543d148
accessories,happydays:9fdd562f9379bc38
accessories,happydays:9de3e388c0e13a0d
accessories,happydays:f1c46039fe126a1c
edibles,happydays:82f5e68afbeb580b
accessories,happydays:86bec0dcd560f8fe
accessories,happydays:05e630a7aa8884f5
accessories,happydays:387027d8e233d0f3
accessories,happydays:22810394887960d7
accessories,happydays:17abd7fa3b4a7432
accessories,happydays:3396c869ed20e4f5
accessories,happydays:f35055e03406511f
accessories,happydays:22eed2e4ea269ab8
accessories,happydays:5c2beb3d92470874
accessories,happydays:ee24da8ae713c97d
accessories,happydays:31636c2c4f5c743c
accessories,happydays:dda86bd166c59c53
accessories,happydays:596617a0c636626e
accessories,happydays:b6cd250c9a8c62f4
accessories,happydays:aebee34ac0d325be
accessories,happydays:900c53ddbb055b8d
flower,happydays:ae3a50bbe3efcfa4
flower,happydays:575a7e6b6688c8de
flower,happydays:00b6cfe48053a99f
flower,happydays:5da3a1d5ea4aae53
vaporizers,happydays:41ed9fcd1968744d
vaporizers,happydays:2b7c01fd65cee269
concentrates,happydays:ac389c66bf93bc33
concentrates,happydays:d0a482df117f73ce
vaporizers,happydays:67828371e83125e6
vaporizers,happydays:22ca80098d8d7c6e
vaporizers,happydays:a561beb71a15f251
edibles,happydays:79daf1d37b63b628
edibles,happydays:cddff4b0a93431c3
edibles,happydays:788bfd32121db00b
vaporizers,happydays:f18d29cfe05f6a23
accessories,happydays:ef1bad5dbd593bc6
pre-rolls,happydays:b2e379d9be7d7f2f
flower,happydays:bff3d80b865e88f7
accessories,happydays:ce55614f3bb88825
accessories,happydays:5932b8f5da518527
accessories,happydays:81344850639cd326
accessories,happydays:57d800ee33bc8e50
accessories,happydays:419521e3fbc00089
accessories,happydays:6c756e6ba314b361
accessories,happydays:9f789c2506eaf751
accessories,happydays:2dd5220871081e35
accessories,happydays:42b21ccfb06f1db5
accessories,happydays:f8346916d0ef2226
accessories,happydays:68002fc98061d8a1
accessories,happydays:75da56338e3b8c0c
accessories,happydays:6724e75de48c2ea1
accessories,happydays:a18dd6b6baa87802
accessories,happydays:bcf59c52114e3db6
accessories,happydays:38e5d47aba114c66
accessories,happydays:19be51e2fc143b96
accessories,happydays:27486aa8a42c5dad
accessories,happydays:69411055d4e4d795
accessories,happydays:cc90446533465447
pre-rolls,happydays:7fe1a53bb6cbd88c
pre-rolls,happydays:308ef244d9ae83aa
pre-rolls,happydays:8691c22cddf560e7
vaporizers,happydays:b3bf5a2e914e2df1
pre-rolls,happydays:22e56144cb7e4625
pre-rolls,happydays:87f5cd1d64857ed6
pre-rolls,happydays:447ecf5331504290
pre-rolls,happydays:c36751e1020f5ea7
pre-rolls,happydays:d42c2f6eee2f11ad
accessories,happydays:82a748716834ae07
accessories,happydays:5137b95e445f5ed8
accessories,happydays:a61a2c818278ee18
edibles,happydays:6b96767b5b4125f0
concentrates,happydays:2b08704bb4b5cc93
vaporizers,happydays:42af36349963d6a3
vaporizers,happydays:4d3de2f701ce47ee
vaporizers,happydays:59fe0930606b3bbe
accessories,happydays:0261f7ad7332efe8
pre-rolls,happydays:a78092576e352110
pre-rolls,happydays:af3fe7c0b438d27b
edibles,happydays:3f57bd574d522a5e
pre-rolls,happydays:a8c90ae2925ae30a
accessories,happydays:8dbdef78e217f41a
accessories,happydays:a0910a25b96b5e07
accessories,happydays:65a37f56c3ae6111
accessories,happydays:14d2b5b2b2462464
accessories,happydays:019ecafd14ba2643
accessories,happydays:ee8604d584e6b110
accessories,happydays:c538668ec55a615f
accessories,happydays:f617569fa02601d9
accessories,happydays:951b07dc0bbabec8
accessories,happydays:4c63b875cc29fd33
accessories,happydays:eb76c9054fc4d1e0
accessories,happydays:07fa990c716dc6d2
edibles,happydays:f24cd3edcc03f276
pre-rolls,happydays:462e2479e0b46746
vaporizers,happydays:112e68eb532cd285
vaporizers,happydays:a3bc4bd283949e26
pre-rolls,happydays:b32b49e5c6a10b5e
pre-rolls,happydays:e55448b8067baa9d
vaporizers,happydays:45e9794635750ef7
vaporizers,happydays:bf46bb6affcc6652
edibles,happydays:b9ac89755bf475cb
uncategorized,happydays:c871aa9a9ad09bd7
uncategorized,happydays:d4ebd2419bea0694
uncategorized,happydays:f9e89d27cc2fdbe2
uncategorized,happydays:6834a0bd32b619de
uncategorized,happydays:594338781c270b42
uncategorized,happydays:e7c72261db43e935
uncategorized,happydays:f0e1090667b315db
edibles,happydays:f961ed33c922fd97
flower,happydays:9843c8b420548262
pre-rolls,happydays:08c5f22b2d5b0ed8
uncategorized,happydays:8976ed4a6b0782cd
uncategorized,happydays:71d5c3ea5efc474e
uncategorized,happydays:240c3d8b95cbb3ad
uncategorized,happydays:cc7b6cfbd10224c1
uncategorized,happydays:6db69465bdb4f36b
vaporizers,happydays:6cc144fa8bfac482
vaporizers,happydays:e021a05dd029b615
vaporizers,happydays:63b669b027cb8796
vaporizers,happydays:0b48318061ce9558
edibles,happydays:41e72a1aa8899092
vaporizers,happydays:431064d3691d5f48
pre-rolls,happydays:f0d2f706d612e311
flower,happydays:dd5793fa7d5dd6da
pre-rolls,happydays:c3278859e6f9e011
flower,happydays:9c574c6b0e833d24
uncategorized,happydays:72b15faccdeb5a0f
uncategorized,happydays:fd082d857922e0d7
uncategorized,happydays:85a50b98aa086885
uncategorized,happydays:c4c8b408e4c6e947
accessories,happydays:39f1ddec3ac9ce65
pre-rolls,happydays:03e0a67af26f1691
pre-rolls,happydays:ac9c8e5f9204a2e6
flower,happydays:b61efdd841a12edb
edibles,happydays:2b321ada99b0ddc9
flower,happydays:9ed03b9fadf9c5e8
edibles,happydays:8e450cfd59b1750c
accessories,happydays:1ce27b2586d34dfc
flower,happydays:b1f64f3b20bf51ad
flower,happydays:9ce9993e64f27798
flower,happydays:96bd7b31b0e622c4
accessories,happydays:43fb75738c83f005
accessories,happydays:68e0eaaf7648ceea
pre-rolls,happydays:05edd4deaf7d7f00
flower,happydays:c669453c5e51679a
edibles,happydays:7a1f26e94190bd5c
concentrates,happydays:ee4cd4271c3bdb32
pre-rolls,happydays:acb1b81732680e2d
pre-rolls,happydays:a824070fc51c07a3
pre-rolls,happydays:ca4034c2d66e1fd5
flower,happydays:f795049d435702c2
accessories,happydays:986cae6d3095e25b
concentrates,happydays:e5a5ed46a820400f
edibles,happydays:0a16441ddae87c32
pre-rolls,happydays:712f43e8d29b01c5
edibles,happydays:1ece22532681f9b5
accessories,happydays:c4ee9511691e9e58
accessories,happydays:01a21da7a9b63ca1
edibles,happydays:ed2d6dedf2c731a4
concentrates,happydays:9dd91508b2ba912b
accessories,happydays:3be63efcf6e9d7cb
accessories,happydays:19c175ca15adf5f5
accessories,happydays:a946c00bf99ad4fc
vaporizers,happydays:07d1c97506ad3de1
vaporizers,happydays:bdebcdc9582da527
vaporizers,happydays:382baee4f203f66d
vaporizers,happydays:92b9ba007677b708
accessories,happydays:e6f18c6a8eca9e34
vaporizers,happydays:850cd1ee05d3e18a
vaporizers,happydays:d379508d10b4c1cb
accessories,happydays:26ef3ae69951884c
accessories,happydays:ba909ce958331261
vaporizers,happydays:3f7aa79be961a36a
vaporizers,happydays:2a69a79d672ab497
vaporizers,happydays:4511ea35cf7d6ddd
flower,happydays:cb530fbb08547c01
accessories,happydays:e7da2cb0b8a6a1f9
accessories,happydays:1276bc18cb08f54b
accessories,happydays:a3050e6f968e09f2
pre-rolls,happydays:a086ee124ab72c9e
pre-rolls,happydays:dca92c965e23db67
pre-rolls,happydays:5870d3faf44f0fb1
flower,happydays:c331de6ddca03c17
accessories,happydays:3ea970001b4e1c5c
flower,happydays:9bc2cdc11743bc3e
pre-rolls,happydays:db7860a04f7189fe
flower,happydays:9b98ccf2fa0a81f1
pre-rolls,happydays:a771eddff00297bd
edibles,happydays:e965e11f7459f0a9
vaporizers,happydays:d1c044c204bd0b38
cbd-products,happydays:853a8a8933f5717b
accessories,happydays:d361d2886c2ab6a7
accessories,happydays:0a73783254c97fe4
concentrates,happydays:674094021ee3ac5d
pre-rolls,happydays:09b7c683af5400a3
pre-rolls,happydays:5530c62ae3b44346
pre-rolls,happydays:59210e8eb47a3d31
vaporizers,happydays:9a37c80925f0bdb2
flower,happydays:09ba4830e0b04962
vaporizers,happydays:f30bd086d4fda16d
vaporizers,happydays:c67659056096827f
vaporizers,happydays:4fe5ff48f7927fd7
edibles,happydays:5ad2684a8c72c03e
edibles,happydays:f9d0a56dc75481ee
edibles,happydays:d6352f45e52267e2
flower,happydays:17958501c9c54cbc
accessories,happydays:4e8034f0600c255a
flower,happydays:a4a3ea44006e14c7
edibles,happydays:fa086935948f4932
vaporizers,happydays:729e57da7b46e8b0
pre-rolls,happydays:392a3d030cf4818b
tinctures,happydays:11f174ba23972862
tinctures,happydays:5f90be72a824f5e0
vaporizers,happydays:8bb6c09dfbc120fa
vaporizers,happydays:fba7cc116b5b629c
flower,happydays:9190c349a7e2f6c4
flower,happydays:2ef3d6009cee69e2
flower,happydays:c79012f645c78427
flower,happydays:f08cfcb375c61969
vaporizers,happydays:2e1fe437123a4b39
vaporizers,happydays:68b3c461f71a646e
vaporizers,happydays:9724a8bf2f8be946
accessories,happydays:057f0998842d1610
flower,happydays:30964a503dc5ad6a
vaporizers,happydays:e9d95d5c53a75363
vaporizers,happydays:7f0bd3c96467a150
vaporizers,happydays:ef97ac3b2c3d5d3c
flower,happydays:aee9f405677a5897
vaporizers,happydays:0e3be4d7965c2a76
vaporizers,happydays:1bb47b637c63e490
vaporizers,happydays:446aa177c7fc49e1
vaporizers,happydays:ae0da4956ea52a12
vaporizers,happydays:9e0c7461c980fc68
vaporizers,happydays:6d453f4b067d68b3
cbd-products,happydays:8dd383bb0330a9ab
cbd-products,happydays:842c51dc4a8e37ff
accessories,happydays:9ca3503a5981aca0
accessories,happydays:b4df72deaefe1a3b
accessories,happydays:6dbe13ee23921112
accessories,happydays:6b1bca1d6745b204
accessories,happydays:77255e99e0f66183
accessories,happydays:ebf9d4d3756e1f45
accessories,happydays:9168adaee51ba8f1
accessories,happydays:8506ea40e7c9319e
accessories,happydays:596eeaef7e4a5e8c
accessories,happydays:94fbe554b7588fff
accessories,happydays:859ac9b6da23196c
vaporizers,happydays:b58c788427ce385d
pre-rolls,happydays:c69c4d721ba87dd9
vaporizers,happydays:75439f467e397f2b
vaporizers,happydays:d368bd38da4c6b3f
flower,happydays:ec1f925696fc8a1c
flower,happydays:72952d8efb654f98
flower,happydays:a434ed7548981e41
vaporizers,happydays:6312201b62bc8f33
vaporizers,happydays:60356f14b29c7531
vaporizers,happydays:10757e2e3b2532f1
vaporizers,happydays:6ab11211d699a150
flower,happydays:21cae26a382a6811
accessories,happydays:e05607a3b63a4267
edibles,happydays:48c7a4f704acdc2f
accessories,happydays:31abec79f78a864b
accessories,happydays:66aebc765bb5dc94
accessories,happydays:b9917cf40e313cac
accessories,happydays:d3880f2bc3e2c28d
vaporizers,happydays:8127c7087dc72d47
vaporizers,happydays:b54089f51dd1deb7
pre-rolls,happydays:f84b038f6d3dfc5f
pre-rolls,happydays:b0d426a5b7bdf1e6
pre-rolls,happydays:5032a244b95ff2c3
pre-rolls,happydays:66e265ecc96af270
accessories,happydays:1f61dd3da789e14b
pre-rolls,happydays:670f810390715ea8
flower,happydays:d0a245ab068353a5
pre-rolls,happydays:6074a53a02d09e86
pre-rolls,happydays:ef75de7f00b24970
flower,happydays:bd2def35005a7ce8
flower,happydays:5b1cd8f47e7fd52e
flower,happydays:fb767a00d050c619
pre-rolls,happydays:19a7a2bfaa68bf10
accessories,happydays:5e0637c37f878680
accessories,happydays:9d1137492f170ef5
accessories,happydays:06c84912b004703f
vaporizers,happydays:97db018bfe4e0006
flower,happydays:9cc023e42578e683
pre-rolls,happydays:7ac7b0b8a42cb51e
pre-rolls,happydays:b284a55f0fc4a94e
pre-rolls,happydays:2fbc3360094f0b00
pre-rolls,happydays:3a0f2984fc989493
pre-rolls,happydays:cd057cdc4e640dac
flower,happydays:9b428eda144a6f9d
flower,happydays:526a576fa6a00368
pre-rolls,happydays:e00082aa70608b03
pre-rolls,happydays:290a704562a320e7
pre-rolls,happydays:e0ede842a3fdad7a
pre-rolls,happydays:1e7bbc17fe629c85
pre-rolls,happydays:63e08cae9adbdd8e
flower,happydays:e10b2d81b73e931f
accessories,happydays:530d962526d7cd8b
vaporizers,happydays:872066eb1d461650
vaporizers,happydays:b2cdb0c31ccd5c0c
vaporizers,happydays:241c8b4cd1a4329d
vaporizers,happydays:39b7e43c32b40b41
tinctures,happydays:7e4b1e4a0b7f548d
edibles,happydays:890350240d9e40ce
flower,happydays:e5a1ea8cb55f0273
flower,happydays:43e0c1c31e8e8674
pre-rolls,happydays:0ba2bb8a7860ab80
accessories,happydays:66e131df562ec92c
accessories,happydays:c88d3b34c51f9b32
accessories,happydays:0b7d4192c0ccc90d
accessories,happydays:079088d217a03569
accessories,happydays:299805909e167047
vaporizers,happydays:3276d041eca4243f
flower,happydays:9fe0bf53e0559c72
flower,happydays:7ad4ec2bfb37519d
flower,happydays:64c0a0dfb3c5bf27
flower,happydays:5d46714181be3fcf
flower,happydays:2b5232d548fde576
accessories,happydays:f1d1f04047d065f3
accessories,happydays:430343c69bed8c5c
accessories,happydays:c0bd357016684415
accessories,happydays:af0eb98f347178ea
pre-rolls,happydays:f8526210dec967cd
flower,happydays:46d95c24bc1a1f5b
gift-cards,happydays:65094bfec8f19f01
gift-cards,happydays:33b3cfb8e98da27d
gift-cards,happydays:d34ee7300a986db0
vaporizers,happydays:485a15bd738ebd00
vaporizers,happydays:2711412b500e8af0
vaporizers,happydays:3cc7d133c562b245
concentrates,happydays:0082f131b0abff34
gift-cards,happydays:d2d8fccc96ff76a5
pre-rolls,happydays:ab3bf50a43cac772
edibles,happydays:d67218ad7874456f
flower,happydays:5e6f092cb8c3fc15
vaporizers,happydays:6ccdb989dee330ab
vaporizers,happydays:6b17f3c016e53a9d
vaporizers,happydays:c8e23110dbd50b1e
accessories,happydays:8e3210e20352b40e
accessories,happydays:a804b78574054a23
accessories,happydays:56f56c13703f6044
accessories,happydays:b2da2078c744a6a3
accessories,happydays:ad5519f6fe3f4fb3
flower,happydays:cd1c15454623b3a1
pre-rolls,happydays:5b2ec3c9904f00b5
pre-rolls,happydays:04e3a3e092e53eef
edibles,happydays:5dfbd0d225a6318b
accessories,happydays:487868ff731cf8fd
flower,happydays:4ee9098921ab1445
vaporizers,happydays:ee4f73b11605f2b1
vaporizers,happydays:e2d2be2665f0811c
flower,happydays:43d8df079a686a67
flower,happydays:caac76e5f123fffb
pre-rolls,happydays:e8ebd20f646d131d
pre-rolls,happydays:be10bcece9e668ed
vaporizers,happydays:25b095337a4415e2
vaporizers,happydays:d74ffa9fde5f4ca5
vaporizers,happydays:6f39823eb3e9786f
vaporizers,happydays:0a9a213cf264e1e8
vaporizers,happydays:3a638fbb712a39b5
vaporizers,happydays:f48da5be8f4ea6dd
vaporizers,happydays:01b09f68c9a1d88b
vaporizers,happydays:fda1aacc02c6ec60
flower,happydays:c0bc5631cd374e04
vaporizers,happydays:f8a47b2caa4a4a8c
vaporizers,happydays:6a42d89c3e586bcd
vaporizers,happydays:2b87a9139b74cbf7
vaporizers,happydays:493ebc98eea334ae
pre-rolls,happydays:34a27af65ef64019
pre-rolls,happydays:592a680f4c42da48
accessories,happydays:c76cbf4bda869e81
vaporizers,happydays:fdde3406ef6b0f7a
vaporizers,happydays:41013f1686764b5f
edibles,happydays:4c3b613aa1ed0cf2
vaporizers,happydays:f52260e0c485ed61
concentrates,happydays:50558d20d1a34b0c
concentrates,happydays:9eb863b318036465
vaporizers,happydays:1d03c6cb3832d9fa
vaporizers,happydays:043d09a0c8271162
flower,happydays:b0a88eb6e3e8ce1f
edibles,happydays:f08e2e36014360d6
edibles,happydays:795dbe91a720c6a0
edibles,happydays:ed429d4cef9fbffd
accessories,happydays:78e05b97da04b698
accessories,happydays:a11fa6643d5d7989
accessories,happydays:337af4e9f49aa10c
flower,happydays:e9e07003575b9be0
edibles,happydays:02150d95ac70d626
edibles,happydays:586179b995c3f893
edibles,happydays:3645459ec09a4c29
edibles,happydays:4249f2563ea0df29
accessories,happydays:fa374231b08bddd6
edibles,happydays:a67ef1a2849b7aa9
flower,happydays:9f025b9234d92b52
vaporizers,happydays:662b3b9afaf84167
accessories,happydays:900ad8574105f617
accessories,happydays:e286024053c0fbb1
beverages,happydays:b1ea07c6f34110e6
vaporizers,happydays:d2c0b1d50b2f4b47
edibles,happydays:785425656ac7cc4a
vaporizers,happydays:2dec67ffe613c139
vaporizers,happydays:18934d8d1ae0c828
vaporizers,happydays:f587ae64e071adbb
vaporizers,happydays:bde663d5b6984c87
vaporizers,happydays:539be125e65789f5
vaporizers,happydays:d23de68c422e4a2b
vaporizers,happydays:1d4bce47273be0da
vaporizers,happydays:7a55f4cfc066bc85
vaporizers,happydays:cffb2db3f9ca94b7
pre-rolls,happydays:3921f1ce4245f3e0
edibles,happydays:d9007a5d24187f52
flower,happydays:08c73f482cfa24cf
edibles,happydays:bb92ed54880e69ba
accessories,happydays:a052b59fbe02f31c
vaporizers,happydays:e3743fc528c0de0e
edibles,happydays:574df3abfb68ec83
edibles,happydays:f2e9b006dd7d2651
vaporizers,happydays:e657ebf4c13c05e9
edibles,happydays:1cacc305b6bfdceb
accessories,happydays:c4c1aeedeca1a27a
edibles,happydays:fdf16e04901ef951
edibles,happydays:1067bf8e8c217ce4
flower,happydays:b5382631bc62e8b3
flower,happydays:f9bbf276a2754169
flower,happydays:64ff400cdb16476a
flower,happydays:0fdc3c6cdbb527e2
flower,happydays:ef514b1aa3d7fa09
cbd-products,happydays:6ac7097fe54d045e
edibles,happydays:7dd3d25e26a055ca
edibles,happydays:4548e0bfedf1ffb0
edibles,happydays:b765631f306ec49a
edibles,happydays:70a42c7bd7f258ed
edibles,happydays:35bd0fe4b3f68e4d
edibles,happydays:72b7fe3a05e8ac6b
edibles,happydays:1536fa9b0afd258c
edibles,happydays:4fcb3bc66c8504d1
edibles,happydays:7e8449951bba579f
edibles,happydays:01b4782bfd7d9692
accessories,happydays:64269afe64f9283a
accessories,happydays:a2ebe87977ec9cc5
accessories,happydays:3d7804916afe6122
accessories,happydays:e62c1f43b8f12c88
vaporizers,happydays:c19f8f03b9717163
vaporizers,happydays:405ac9de4494c49e
vaporizers,happydays:289d47b1e8de9eec
vaporizers,happydays:94bf7da9dcbcfcd9
accessories,happydays:3c939b2b0667c9a7
accessories,happydays:fc32353894750af5
flower,happydays:e0b48b25b7bd529d
edibles,happydays:e8052823b9d1f00f
cbd-products,happydays:1ad6bdf2d6865af1
edibles,happydays:293dc4fb8f1a9bf6
edibles,happydays:a9bb28ca6c745789
edibles,happydays:00cb580c457c5a53
edibles,happydays:e5710408f5b7fa7d
accessories,happydays:571bb9931f4dbf14
vaporizers,happydays:36346c60ed1ee9de
vaporizers,happydays:bcec75dbea78b770
vaporizers,happydays:0a1cedadc3523793
edibles,happydays:10c68ac01178b931
accessories,happydays:9e7cbefd3effb669
pre-rolls,happydays:8525d27c35fb10f5
accessories,happydays:cb70556fe629db0a
accessories,happydays:d7e62fcc39c71ecb
edibles,happydays:0bd7ba784bb6e647
edibles,happydays:84cd0db3f316c620
edibles,happydays:79889a0b2ebb1382
vaporizers,happydays:e7a4281337fdd0eb
edibles,happydays:a43506b1c6481b57
edibles,happydays:ab80fb1f12b2d75e
flower,happydays:fb618506fa5d941f
vaporizers,happydays:b3009175f285da1d
cbd-products,happydays:3ddf8e2c63fcdc07
cbd-products,happydays:6ed35ceea5e46756
cbd-products,happydays:11492257e32ed1cf
accessories,happydays:945f045542d39352
edibles,happydays:b2f9f6acefb60b03
edibles,happydays:ddcdafb7cae90563
concentrates,happydays:972fe074335b9315
accessories,happydays:a3364ffb6605a21a
accessories,happydays:7d7e1c2e88de54d6
accessories,happydays:b415c9e16ac2bb0a
cbd-products,happydays:ce3ec2d17d8b2b42
cbd-products,happydays:7fc94663d5f7cd4c
pre-rolls,happydays:23d47bddc5622d94
cbd-products,happydays:7d96847fa27cb4df
cbd-products,happydays:3528a7ca1a5be320
cbd-products,happydays:26bb098498a097b1
cbd-products,happydays:a3a56186fe7a3c63
cbd-products,happydays:84df7deb8a3eacc3
cbd-products,happydays:5d81440c9f5b4a81
cbd-products,happydays:cd161e3b2e8ed0d0
accessories,happydays:41167b263cd46695
pre-rolls,happydays:64d7b630dc34f161
flower,happydays:de68da2ec3231bae
edibles,happydays:dcfd2511a07976ac
edibles,happydays:9742b4918bba0f8e
accessories,happydays:159ea6c92886cf36
accessories,happydays:1102c57cbaad9388
edibles,happydays:c2242e64fbe8bc85
edibles,happydays:f5733db1e351dc9b
edibles,happydays:4f19145c7a702ba1
edibles,happydays:3784be68b306ac39
pre-rolls,happydays:b47a6448742cc597
edibles,happydays:f8e7bdaac33b4ae7
edibles,happydays:7cb3d8192962bd08
accessories,happydays:9afa75d48d1b28c8
accessories,happydays:d660eae5a3bd7f68
accessories,happydays:6de3a71f736ca786
accessories,happydays:c215aab0685a5bfd
flower,happydays:b02a814f203093d2
accessories,happydays:fe257f803122ada4
accessories,happydays:eb867e6e31990980
accessories,happydays:1b4b7dfb2e69084c
accessories,happydays:e1df73dc2a6b0db8
flower,happydays:0ae359e8618a48df
vaporizers,happydays:1180083d583ba983
vaporizers,happydays:9c1e772ace5aed51
vaporizers,happydays:bb001702ae174496
vaporizers,happydays:c8b81f51d7fc9723
concentrates,happydays:ee6a088503abe7f6
vaporizers,happydays:2093e4db813feb3f
edibles,happydays:99a57f3c07246f4d
edibles,happydays:7e494b0c0da98353
vaporizers,happydays:c8ec2ed9f145db36
vaporizers,happydays:cf948bbebf7520a2
tinctures,happydays:29ec863d5d847dd4
edibles,happydays:7792bd0e6b97c354
edibles,happydays:267e159af1750eb9
vaporizers,happydays:05b028b76e515b8d
vaporizers,happydays:6b4223f590689dd2
tinctures,happydays:edfbcac0f67ebf6e
edibles,happydays:0ec66b403ba15455
vaporizers,happydays:c30ddb83beccb5e7
vaporizers,happydays:d5f148836460d143
vaporizers,happydays:7135855747ce1554
concentrates,happydays:12f275abfc5dcddd
flower,happydays:91745f999497dcfa
topicals,happydays:6c8963a26c103420
vaporizers,happydays:a6606d797654c936
concentrates,happydays:2dcb5546dc36efd5
concentrates,happydays:030b0c068d993aee
edibles,happydays:b0f7a23480818451
tinctures,happydays:020d11432857b76f
edibles,happydays:414408243ce56d62
edibles,happydays:9d40e8e33d160c83
topicals,happydays:ec117e9cf1400c45
beverages,happydays:2a97e9e5f3c75d11
topicals,happydays:32a355630c274e75
edibles,happydays:97b757777793d9a4
edibles,happydays:f9c3b9b0943a9401
pre-rolls,happydays:09955432af8efb63
pre-rolls,happydays:26f583b4e0cd9f01
beverages,happydays:79dfa6c871c71083
beverages,happydays:f412f0bbf6c7f2b2
vaporizers,happydays:d17195e4befd501d
vaporizers,happydays:8d0296e10abe3ba4
edibles,happydays:4b4fbd1e67ad537a
vaporizers,happydays:16cb7f4fbeaf1b82
edibles,happydays:ee28575100f5de72
edibles,happydays:63f0e4cc01b7562b
edibles,happydays:b93f9da507ef77f9
edibles,happydays:19094b9317b67fe8
vaporizers,happydays:00b221187416b837
edibles,happydays:ffc96d1aba8613c8
edibles,happydays:7fb563f090d112c7
tinctures,happydays:250852e931a24151
pre-rolls,happydays:03652977e5248a08
beverages,happydays:a6b7d966d8d6658e
accessories,happydays:91cae1c9846e7db3
accessories,happydays:4eebe7a632dc46a8
accessories,happydays:a8d879010f91390d
accessories,happydays:15a8e9c8332c57a8
accessories,happydays:28a47773360bb7a3
edibles,happydays:a537688b1e74808f
accessories,happydays:18ae16a6f4ac2410
edibles,happydays:166d0891d8cb1019
edibles,happydays:5366d3ac009766c7
edibles,happydays:c81b4ee8a55ea8de
edibles,happydays:85fcbad2c8a9bd10
accessories,happydays:19bccf7f56866b73
accessories,happydays:f09fbca55e3c26f6
accessories,happydays:fd387f302c417b6a
edibles,happydays:82d4ed92eebcb976
pre-rolls,happydays:b623b25fbb62b030
pre-rolls,happydays:ec49cb55c14a2f8e
vaporizers,happydays:42ba763e7e8c2e32
vaporizers,happydays:9215b5f0cedb21d4
edibles,happydays:31533605547934e5
vaporizers,happydays:55197cb7a2081bdd
vaporizers,happydays:afb412c6498fde25
edibles,happydays:ede466aada511fea
vaporizers,happydays:5b0b219b70bbe81b
edibles,happydays:c378bad6b838e893
vaporizers,happydays:fcc2f9f8be0a9b43
vaporizers,happydays:5ba7d8157224bf7b
edibles,happydays:701f881eb27623ff
edibles,happydays:1045be790c95b669
edibles,happydays:f46bd27e8ee3986f
edibles,happydays:586c0093948c472e
edibles,happydays:0445c66ded187c51
edibles,happydays:2d622788cbdfb420
edibles,happydays:9fcd56e5e6efc6d2
edibles,happydays:57d20ff3eb9bdad9
