handle,title,url
most-popular,Bestsellers,https://9realms.eu/collections/most-popular
cbd-bundles,Bundles,https://9realms.eu/collections/cbd-bundles
thc-flower,Flowers,https://9realms.eu/collections/thc-flower
thc-joints-buy,Pre-Rolls,https://9realms.eu/collections/thc-joints-buy
diffusers,Diffusers,https://9realms.eu/collections/diffusers
buy-hash,Hash,https://9realms.eu/collections/buy-hash
gummies,Gummies,https://9realms.eu/collections/gummies
light,LIGHT A Gentle Start,https://9realms.eu/collections/light
classic,CLASSIC Perfectly Balanced,https://9realms.eu/collections/classic
pro,PRO Full intensity,https://9realms.eu/collections/pro
buy-t9hc,T9HC,https://9realms.eu/collections/buy-t9hc
thc,THC,https://9realms.eu/collections/thc
thcp,THCP,https://9realms.eu/collections/thcp
10-oh-hhc,10-OH-HHC,https://9realms.eu/collections/10-oh-hhc
vaporizers,Vaporizers,https://happydaysli.com/shop/farmingdale/categories/vaporizers
tinctures,Tinctures,https://happydaysli.com/shop/farmingdale/categories/tinctures
edibles,Edibles,https://happydaysli.com/shop/farmingdale/categories/edibles
flower,Flower,https://happydaysli.com/shop/farmingdale/categories/flower
concentrates,Concentrates,https://happydaysli.com/shop/farmingdale/categories/concentrates
pre-rolls,Pre Rolls,https://happydaysli.com/shop/farmingdale/categories/pre-rolls
beverages,Beverages,https://happydaysli.com/shop/farmingdale/categories/beverages
accessories,Accessories,https://happydaysli.com/shop/farmingdale/categories/accessories
topicals,Topicals,https://happydaysli.com/shop/farmingdale/categories/topicals
merchandise,Merchandise,https://happydaysli.com/shop/farmingdale/categories/merchandise
cbd-products,CBD Products,https://happydaysli.com/shop/farmingdale/categories/cbd-products
uncategorized,Uncategorized,https://happydaysli.com/shop/farmingdale/categories/uncategorized
gift-cards,Gift Cards,https://happydaysli.com/shop/farmingdale/categories/gift-cards
